gk_player_id,gk_name,gk_team,league,matches,xGA_pm,goals_conc_pm,saves_pm,save_pct,goals_prevented_pm,clean_sheet_pct,home_matches,home_save_pct,home_gp_pm,away_matches,away_save_pct,away_gp_pm,vs_hard_matches,vs_hard_save_pct,vs_hard_gp_pm,vs_easy_matches,vs_easy_save_pct,vs_easy_gp_pm,win_save_pct,draw_save_pct,loss_save_pct,ha_save_delta,adversity_index,consistency_cv,best_zone,zone_gp_six_yard,zone_gp_pen_area,zone_gp_outside_box,clinical_per_sot,loss_resilience
73,Oliver Baumann,Hoffenheim,Bundesliga,32,1.6801,1.5,2.7812,62.7,0.1801,18.8,16,66.2,0.0364,16,59.2,0.3239,8,54.4,0.3041,8,76.9,0.1359,73.0,52.2,55.4,7.0,0.168,5.503,pen_area,1.316,4.359,0.091,0.0406,55.4
126,Michael Zetterer,Eintracht Frankfurt,Bundesliga,20,1.4773,1.55,2.75,57.3,-0.0727,25.0,9,69.7,0.0521,11,50.8,-0.1748,5,56.4,-0.1326,5,72.7,0.1718,69.2,60.7,47.6,18.9,-0.304,13.273,six_yard,1.907,-0.619,-2.738,-0.0151,47.6
181,Bernd Leno,Fulham,EPL,35,1.6708,1.3143,2.5714,61.6,0.3565,22.9,17,61.7,0.4314,18,61.6,0.2858,9,70.0,1.1269,9,73.7,0.3719,74.4,65.0,54.2,0.1,0.755,2.741,six_yard,7.296,4.697,0.486,0.0855,54.2
199,Yann Sommer,Inter,Serie_A,32,0.9793,0.9375,1.9062,63.5,0.0418,46.9,16,70.0,-0.0798,16,56.5,0.1634,8,65.9,0.4366,8,54.5,-0.0698,73.4,53.3,35.3,13.5,0.506,24.844,six_yard,2.244,0.059,-0.968,0.0139,35.3
217,Manuel Neuer,Bayern Munich,Bundesliga,21,1.1036,0.9524,1.6667,59.3,0.1512,33.3,11,60.0,0.1473,10,58.8,0.1555,6,56.5,0.8797,5,63.6,-0.3878,64.0,33.3,,1.2,1.268,5.958,pen_area,-0.595,4.745,-0.975,0.0538,
281,Lukas Hradecky,Monaco,Ligue_1,15,1.8293,1.6,3.2,64.0,0.2293,13.3,7,75.7,0.3061,8,52.6,0.162,4,56.5,0.4152,4,58.8,-0.389,70.4,66.7,58.3,23.1,0.804,4.671,pen_area,1.537,2.478,-0.578,0.0459,58.3
375,Odisseas Vlachodimos,Sevilla,La_Liga,30,1.6812,1.6,2.7333,62.6,0.0812,16.7,15,66.1,0.2116,15,60.0,-0.0492,8,61.8,0.4491,8,80.0,0.0705,87.1,57.9,54.3,6.1,0.379,11.31,six_yard,1.784,0.789,-0.134,0.0186,54.3
546,David de Gea,Fiorentina,Serie_A,35,1.5366,1.3714,3.0571,66.5,0.1652,22.9,17,65.2,0.1298,18,67.4,0.1986,9,64.1,0.1281,9,76.9,0.3471,87.1,67.3,58.0,-2.2,-0.219,4.351,six_yard,5.217,4.683,-4.122,0.0359,58.0
680,Thibaut Courtois,Real Madrid,La_Liga,28,1.1964,0.8214,2.0357,65.5,0.375,39.3,14,72.5,0.3306,14,59.6,0.4194,7,48.1,0.421,7,64.3,0.1386,73.2,75.0,36.8,12.9,0.282,2.232,pen_area,1.532,9.234,-0.268,0.1207,36.8
741,Jordan Pickford,Everton,EPL,35,1.551,1.2286,2.6571,63.7,0.3224,31.4,18,60.3,0.1043,17,67.1,0.5534,9,60.4,0.6764,9,82.1,0.2033,83.1,53.6,49.2,-6.8,0.473,3.173,pen_area,3.372,7.046,0.865,0.0773,49.2
780,Karl Darlow,Leeds,EPL,19,1.2883,1.1053,2.6316,66.7,0.1831,21.1,10,65.7,0.1094,9,67.5,0.2649,5,66.7,0.811,5,66.7,-0.1934,83.3,60.7,56.5,-1.8,1.004,4.516,six_yard,3.008,1.249,-0.777,0.0464,56.5
973,Paulo Gazzaniga,Girona,La_Liga,31,1.7897,1.3871,3.4194,66.7,0.4026,19.4,16,60.0,0.4531,15,72.6,0.3488,8,55.4,0.6584,8,68.0,0.0477,79.4,77.8,52.1,-12.6,0.611,2.418,pen_area,4.862,9.791,-2.168,0.0785,52.1
978,Sam Johnstone,Wolverhampton Wanderers,EPL,12,1.7988,1.6667,3.25,61.9,0.1321,0.0,5,60.7,-0.2648,7,62.9,0.4156,3,54.2,0.4153,3,55.6,-0.0103,,77.8,59.3,-2.2,0.426,5.691,six_yard,2.292,1.659,-2.37,0.0252,59.3
1116,Gianluigi Donnarumma,Manchester City,EPL,31,1.269,0.9032,2.2581,65.4,0.3657,41.9,15,68.9,0.5776,16,62.9,0.1671,8,55.3,0.6638,8,65.0,-0.0383,70.7,61.3,55.6,6.0,0.702,2.762,pen_area,5.637,9.773,-4.081,0.106,55.6
1257,Alisson,Liverpool,EPL,25,1.1852,1.2,2.12,60.2,-0.0148,32.0,13,63.3,-0.1416,12,56.4,0.1227,7,51.5,0.3759,6,57.1,0.003,60.0,64.3,56.7,6.9,0.373,59.135,pen_area,0.337,0.515,-1.217,-0.0042,56.7
1302,Emil Audero,Cremonese,Serie_A,31,1.7935,1.4516,3.871,69.4,0.3419,29.0,15,66.7,0.0978,16,71.3,0.5708,8,62.1,0.543,8,69.2,-0.2811,77.3,93.3,62.0,-4.6,0.824,2.962,pen_area,4.895,6.857,-1.154,0.0613,62.0
1305,Lukasz Skorupski,Bologna,Serie_A,17,0.9903,0.8824,1.9412,58.9,0.1079,41.2,8,72.2,0.1361,9,52.6,0.0829,5,48.1,0.5742,4,50.0,-0.2952,78.9,57.1,43.5,19.6,0.869,8.329,pen_area,1.301,2.856,-2.324,0.0328,43.5
1544,Federico Ravaglia,Bologna,Serie_A,16,1.8877,1.5625,3.125,64.1,0.3252,12.5,8,55.6,0.0357,8,71.4,0.6146,4,57.1,0.3508,4,76.2,0.025,84.6,77.8,53.2,-15.8,0.326,2.252,pen_area,0.528,4.904,-0.231,0.0667,53.2
1830,Ionut Radu,Celta Vigo,La_Liga,34,1.4515,1.2647,2.7941,65.1,0.1868,23.5,17,58.0,-0.024,17,71.4,0.3976,9,65.0,0.6103,9,75.0,0.0252,76.0,77.3,44.2,-13.4,0.585,5.377,pen_area,1.232,5.71,-0.592,0.0435,44.2
1873,Nicola Leali,Genoa,Serie_A,20,1.6041,1.25,2.9,66.7,0.3541,20.0,11,63.2,0.4469,9,69.4,0.2407,5,64.7,0.7026,5,88.9,0.4792,78.9,64.0,62.8,-6.2,0.223,2.095,six_yard,4.773,0.659,1.653,0.0814,62.8
2225,Gerónimo Rulli,Marseille,Ligue_1,27,1.374,1.1481,2.5556,64.5,0.2259,25.9,14,66.1,0.1436,13,62.2,0.3145,7,71.8,1.0861,7,77.8,0.1674,72.1,50.0,64.3,3.9,0.919,4.535,six_yard,4.9,-1.129,2.325,0.057,64.3
2261,Jan Oblak,Atletico Madrid,La_Liga,28,1.2972,1.0714,2.25,64.9,0.2258,35.7,15,51.4,-0.0506,13,72.6,0.5448,7,69.0,0.6854,7,66.7,-0.1437,62.8,76.2,60.6,-21.2,0.829,3.771,pen_area,2.454,6.251,-2.379,0.0652,60.6
2310,Alphonse Areola,West Ham,EPL,20,2.1113,1.8,3.55,61.7,0.3113,0.0,10,56.9,-0.0361,10,65.6,0.6587,5,59.0,1.028,5,70.0,-0.4282,73.7,71.0,53.8,-8.7,1.456,2.72,pen_area,3.077,3.527,-0.38,0.0541,53.8
2346,Aarón,Real Oviedo,La_Liga,34,1.7754,1.6176,4.0588,67.6,0.1578,26.5,17,72.1,0.3859,17,64.4,-0.0704,9,64.0,0.6427,9,83.3,0.3594,95.0,71.9,60.8,7.7,0.283,6.399,pen_area,3.017,4.017,-1.668,0.0263,60.8
2385,Mat Ryan,Levante,La_Liga,33,1.8045,1.5152,3.3333,64.0,0.2893,24.2,17,61.0,0.1991,16,66.3,0.3852,9,57.7,0.5676,8,66.7,-0.189,73.1,77.3,55.9,-5.3,0.757,3.35,pen_area,3.389,9.146,-2.986,0.0555,55.9
2415,David Soria,Getafe,La_Liga,34,1.3694,1.0,3.0294,71.0,0.3694,29.4,17,75.8,0.2289,17,67.5,0.5098,9,70.2,1.243,9,77.3,0.0382,87.8,70.6,60.8,8.3,1.205,2.784,pen_area,5.847,8.473,-1.762,0.0866,60.8
2555,Remiro,Real Sociedad,La_Liga,34,1.5568,1.4706,2.5588,59.2,0.0862,8.8,17,57.6,-0.0484,17,60.5,0.2208,9,60.6,0.774,9,61.9,-0.207,72.7,52.8,53.7,-2.9,0.981,9.765,outside_box,-0.347,0.777,2.504,0.0199,53.7
2619,Stole Dimitrievski,Valencia,La_Liga,16,1.3736,1.1875,2.5,66.7,0.1861,25.0,8,58.1,-0.2972,8,75.9,0.6695,4,71.4,0.6935,4,83.3,0.1482,78.9,77.8,56.2,-17.8,0.545,4.27,pen_area,0.593,2.5,-0.113,0.0496,56.2
2639,Alexander Nübel,VfB Stuttgart,Bundesliga,32,1.6037,1.4062,3.0625,64.5,0.1974,34.4,16,69.4,0.2851,16,61.1,0.1098,8,53.4,0.3715,8,76.2,0.0039,79.1,52.6,53.2,8.3,0.368,4.496,pen_area,1.86,2.567,1.896,0.0416,53.2
3269,Anthony Lopes,Nantes,Ligue_1,31,1.6464,1.6129,3.129,63.8,0.0335,19.4,15,58.0,-0.0909,16,68.7,0.15,8,61.7,0.4586,8,60.0,-0.217,91.7,76.0,58.3,-10.7,0.676,30.281,six_yard,5.636,-1.972,-2.627,0.0068,58.3
3286,Kevin Trapp,Paris FC,Ligue_1,20,1.7772,1.3,2.6,61.2,0.4772,35.0,10,48.8,0.2295,10,72.7,0.7249,5,51.4,0.1762,5,55.6,0.2952,68.4,72.7,45.5,-23.9,-0.119,1.73,six_yard,4.531,2.306,2.708,0.1123,45.5
3737,Mike Maignan,AC Milan,Serie_A,34,1.1521,0.8235,2.6765,72.8,0.3286,41.2,17,71.9,0.2394,17,73.5,0.4178,9,79.7,1.07,9,76.5,0.0327,83.3,67.4,54.5,-1.6,1.037,2.455,pen_area,1.61,6.227,3.333,0.0894,54.5
4313,Janis Blaswich,Bayer Leverkusen,Bundesliga,10,1.4318,0.9,3.9,76.5,0.5318,30.0,4,78.6,0.3928,6,75.7,0.6245,3,73.9,1.2663,3,77.8,0.3623,78.3,75.0,75.0,2.9,0.904,1.741,pen_area,1.44,2.666,1.211,0.1043,75.0
4376,Marvin Schwäbe,FC Cologne,Bundesliga,32,1.8337,1.7188,2.7812,60.1,0.1149,9.4,16,55.7,-0.0522,16,64.1,0.2821,8,52.3,0.3714,8,47.6,-0.5221,80.0,58.7,54.5,-8.4,0.894,8.051,pen_area,1.71,2.281,-0.308,0.0249,54.5
4401,Emiliano Martinez,Aston Villa,EPL,30,1.4912,1.1667,3.0667,70.2,0.3245,26.7,16,72.5,0.1424,14,67.7,0.5326,8,70.7,1.0821,8,72.0,0.0448,80.3,80.0,51.1,4.8,1.037,2.812,pen_area,2.899,7.211,-0.374,0.0743,51.1
4748,Brice Samba,Rennes,Ligue_1,31,1.7552,1.3871,2.7742,61.9,0.3681,32.3,16,70.3,0.5407,15,54.7,0.1839,8,55.6,0.2817,8,79.2,0.2495,75.4,61.3,41.9,15.6,0.032,3.62,pen_area,4.772,6.654,-0.008,0.0821,41.9
4984,Wladimiro Falcone,Lecce,Serie_A,35,1.7424,1.3143,2.8571,64.5,0.4281,25.7,17,62.3,0.2508,18,66.3,0.5957,9,58.9,0.7206,9,84.2,0.3349,84.0,79.2,56.6,-4.0,0.386,2.067,six_yard,7.454,5.667,1.864,0.0967,56.6
5185,Unai Simón,Athletic Club,La_Liga,34,1.3046,1.4412,2.6471,63.4,-0.1366,17.6,17,67.8,-0.1592,17,60.2,-0.1139,9,49.0,-0.3687,9,61.9,-0.4359,68.6,80.0,56.1,7.6,0.067,5.525,pen_area,-0.925,2.106,-5.831,-0.0327,56.1
5241,Péter Gulácsi,RasenBallsport Leipzig,Bundesliga,22,1.4595,1.3636,2.3636,61.2,0.0958,40.9,11,64.6,0.1612,11,56.8,0.0305,6,53.7,-0.1842,6,66.7,0.002,79.4,50.0,48.8,7.8,-0.186,11.11,outside_box,2.598,-3.264,2.772,0.0248,48.8
5283,Daniel Heuer Fernandes,Hamburger SV,Bundesliga,32,1.9752,1.5938,3.3125,64.2,0.3815,18.8,16,60.9,0.4406,16,66.3,0.3223,8,61.8,0.755,8,84.0,0.4102,73.0,67.9,60.0,-5.4,0.345,2.708,pen_area,2.136,10.092,-0.021,0.074,60.0
5288,Gregor Kobel,Borussia Dortmund,Bundesliga,33,1.2957,1.0303,2.5152,66.9,0.2654,42.4,17,70.7,0.1981,16,63.6,0.3369,9,55.8,0.6668,8,79.2,0.0559,75.8,57.1,59.3,7.1,0.611,3.557,six_yard,5.105,2.973,0.679,0.0706,59.3
5480,Matvey Safonov,Paris Saint Germain,Ligue_1,13,0.833,0.9231,2.0,66.7,-0.0901,53.8,7,71.4,-0.1641,6,61.1,-0.0037,4,50.0,-0.5672,3,66.7,-0.228,82.6,,43.8,10.3,-0.339,10.479,six_yard,1.871,-1.395,-1.646,-0.03,43.8
5552,Nick Pope,Newcastle United,EPL,24,1.4512,1.4583,3.0,63.7,-0.0071,29.2,12,61.7,-0.0242,12,66.0,0.01,6,52.6,-0.1162,6,94.4,0.2688,68.6,100.0,57.1,-4.3,-0.385,125.301,pen_area,-1.097,3.68,-2.753,-0.0015,57.1
5603,Aaron Ramsdale,Newcastle United,EPL,11,1.7498,1.2727,2.0909,56.1,0.4771,9.1,6,56.5,0.2988,5,55.6,0.691,3,53.3,1.1497,3,50.0,0.1957,66.7,33.3,55.0,0.9,0.954,1.87,six_yard,3.139,1.413,0.698,0.128,55.0
5610,Jean Butez,Como,Serie_A,35,1.0742,0.8,2.2571,71.8,0.2742,48.6,18,66.0,0.1164,17,76.2,0.4412,9,71.1,0.7817,9,58.8,-0.3951,84.1,81.1,41.4,-10.2,1.177,3.866,pen_area,4.686,7.33,-2.421,0.0872,41.4
6015,Kouakou Herve Koffi,Angers,Ligue_1,28,1.6787,1.2143,4.1071,73.7,0.4644,35.7,15,76.5,0.385,13,70.4,0.556,7,62.1,0.3261,7,92.6,0.3999,90.0,79.4,63.4,6.1,-0.074,1.801,pen_area,-0.963,11.172,2.794,0.0834,63.4
6075,Antonio Sivera,Alaves,La_Liga,35,1.4565,1.5143,2.6,59.1,-0.0578,8.6,17,61.8,-0.0736,18,57.0,-0.0428,9,60.3,0.4289,9,52.2,-0.6051,63.0,66.7,54.1,4.8,1.034,16.366,six_yard,5.76,-6.063,-1.716,-0.0131,54.1
6110,Yvon Mvogo,Lorient,Ligue_1,29,1.6232,1.3103,2.4483,60.7,0.3129,17.2,14,73.1,0.3089,15,50.8,0.3167,8,44.7,0.5122,7,66.7,0.1176,83.3,50.0,51.4,22.3,0.395,2.411,pen_area,3.687,5.541,-0.154,0.0776,51.4
6167,Vanja Milinkovic-Savic,Napoli,Serie_A,26,1.1212,0.8077,2.0769,68.4,0.3135,42.3,13,67.5,0.3215,13,69.2,0.3055,7,60.0,0.8334,7,75.0,0.0036,73.5,63.2,65.4,-1.7,0.83,2.452,pen_area,-0.14,5.431,2.861,0.1032,65.4
6224,Marko Dmitrovic,Espanyol,La_Liga,34,1.735,1.4706,3.4706,65.9,0.2644,26.5,17,64.6,0.2399,17,67.0,0.2889,9,59.4,0.4169,9,80.8,0.4152,81.6,72.5,54.4,-2.4,0.002,3.107,pen_area,5.357,5.585,-1.953,0.0502,54.4
6321,Moritz Nicolas,Borussia M.Gladbach,Bundesliga,32,1.6315,1.5,3.875,67.8,0.1315,37.5,16,63.2,0.2063,16,71.0,0.0568,8,59.7,-0.0656,8,93.3,0.5109,85.7,80.0,56.9,-7.8,-0.576,8.154,outside_box,2.103,-2.631,4.733,0.023,56.9
6532,Martin Dubravka,Burnley,EPL,35,2.236,1.9143,3.5714,61.0,0.3217,11.4,17,68.7,0.4905,18,53.8,0.1623,9,61.9,1.2099,9,61.9,-0.3926,68.8,75.0,54.7,14.9,1.602,3.804,six_yard,9.196,1.338,0.733,0.0549,54.7
6596,Finn Dahmen,Augsburg,Bundesliga,32,1.9878,1.6875,3.0312,59.9,0.3003,15.6,16,56.3,0.0807,16,62.6,0.5199,8,53.6,0.052,8,65.4,0.1396,73.6,60.0,51.2,-6.3,-0.088,3.676,pen_area,2.135,7.573,-0.096,0.0593,51.2
6709,Yehvann Diouf,Nice,Ligue_1,24,1.946,1.7917,3.5417,63.4,0.1544,16.7,12,67.2,0.1882,12,59.7,0.1206,6,58.3,0.1992,6,66.7,0.2743,86.2,71.4,51.9,7.5,-0.075,6.896,pen_area,2.184,3.067,-1.546,0.0276,51.9
6903,Matz Sels,Nottingham Forest,EPL,27,1.6661,1.1481,3.0,66.9,0.5179,25.9,12,65.3,0.3261,15,68.1,0.6714,7,60.0,0.7861,7,69.6,-0.1164,83.3,65.7,58.9,-2.8,0.903,2.111,pen_area,7.952,8.95,-2.915,0.1156,58.9
6929,Adrian Semper,Pisa,Serie_A,22,1.6228,1.5,3.1364,63.9,0.1228,18.2,11,72.9,0.4461,11,56.7,-0.2005,6,59.5,0.3595,6,75.0,-0.2643,75.0,73.3,55.9,16.2,0.624,7.845,six_yard,3.152,2.597,-3.045,0.025,55.9
6982,Ivan Provedel,Lazio,Serie_A,27,1.3922,1.0,3.2593,72.7,0.3922,44.4,13,70.0,0.2517,14,75.4,0.5227,7,61.0,0.2761,7,83.3,0.6561,90.6,74.5,57.1,-5.4,-0.38,2.042,pen_area,2.83,7.005,0.753,0.0875,57.1
7027,Arijanet Muric,Sassuolo,Serie_A,32,1.6847,1.2812,3.6875,72.4,0.4034,18.8,15,72.2,0.4392,17,72.5,0.3718,8,63.6,0.836,8,85.2,0.1784,81.4,74.1,67.7,-0.3,0.658,2.246,pen_area,1.645,9.95,1.311,0.0792,67.7
7047,Mark Flekken,Bayer Leverkusen,Bundesliga,22,1.4629,1.5,3.1818,63.6,-0.0371,22.7,12,64.7,-0.1646,10,62.7,0.1158,6,54.1,-0.1377,6,71.4,-0.1405,72.0,52.6,58.5,2.0,0.003,23.653,pen_area,1.674,1.908,-4.401,-0.0074,58.5
7048,Frederik Rönnow,Union Berlin,Bundesliga,30,1.6863,1.8,2.5667,55.0,-0.1137,16.7,15,56.5,-0.3625,15,53.8,0.1351,8,45.3,0.325,8,52.0,-0.6706,75.0,69.7,41.8,2.7,0.996,10.027,six_yard,4.167,-4.853,-2.733,-0.0244,41.8
7087,Elia Caprile,Cagliari,Serie_A,36,1.6101,1.4167,3.2222,67.1,0.1934,22.2,18,66.2,0.1798,18,67.7,0.2069,9,63.2,0.8912,9,76.0,-0.107,85.4,68.9,57.5,-1.5,0.998,5.139,six_yard,8.15,1.297,-2.491,0.0402,57.5
7287,Iñaki Peña,Elche,La_Liga,16,2.3422,1.75,3.4375,61.8,0.5922,25.0,8,68.8,1.2144,8,53.7,-0.0299,4,48.1,1.592,4,100.0,0.8198,100.0,65.0,49.1,15.1,0.772,2.036,pen_area,4.244,6.237,-1.007,0.1065,49.1
7702,Dean Henderson,Crystal Palace,EPL,33,1.5578,1.2121,2.8182,67.4,0.3457,33.3,16,65.6,0.3674,17,68.9,0.3252,9,65.5,0.6416,8,80.0,0.1382,86.5,65.4,58.7,-3.3,0.503,2.714,pen_area,5.679,5.682,0.05,0.0827,58.7
7735,Donovan Léon,Auxerre,Ligue_1,27,1.4829,1.2222,3.5926,72.9,0.2607,29.6,14,75.8,0.2304,13,70.4,0.2932,7,73.1,0.6807,7,63.0,-0.6256,81.2,84.1,64.4,5.4,1.306,4.555,pen_area,2.001,5.654,-0.616,0.0529,64.4
7859,Sergio Herrera,Osasuna,La_Liga,35,1.3914,1.2857,3.2857,70.6,0.1057,20.0,17,68.1,-0.1351,18,72.3,0.3331,9,74.2,0.7356,9,81.0,0.1048,78.4,69.2,67.8,-4.2,0.631,7.955,pen_area,-1.01,7.747,-3.042,0.0227,67.8
7904,Caoimhin Kelleher,Brentford,EPL,34,1.4874,1.2059,2.5882,62.9,0.2816,29.4,18,64.5,0.3122,16,60.9,0.2471,9,70.6,1.2283,9,63.0,0.0603,71.2,64.7,53.7,3.6,1.168,3.524,pen_area,0.694,7.325,1.557,0.0684,53.7
8290,Edoardo Corvi,Parma Calcio 1913,Serie_A,16,1.8131,1.125,2.6875,64.2,0.6881,37.5,8,66.7,0.5116,8,60.7,0.8645,4,53.3,0.7443,4,55.6,0.0232,70.0,76.9,55.9,6.0,0.721,1.071,six_yard,5.118,4.561,1.331,0.1643,55.9
8326,Maduka Okoye,Udinese,Serie_A,28,1.5552,1.25,2.5714,61.0,0.3052,35.7,14,68.1,0.3298,14,56.3,0.2806,7,55.1,0.2921,7,80.0,0.1533,75.0,55.6,57.1,11.8,0.139,3.061,pen_area,3.329,5.377,-0.162,0.0724,57.1
8638,Lucas Chevalier,Paris Saint Germain,Ligue_1,17,0.9632,0.7647,1.9412,63.5,0.1985,52.9,8,74.1,0.4566,9,52.0,-0.0309,5,59.1,0.4992,4,50.0,-0.0383,67.7,58.3,55.6,22.1,0.538,4.324,pen_area,0.729,4.249,-1.599,0.0649,55.6
8641,Radoslaw Majecki,Brest,Ligue_1,10,1.6957,1.8,3.0,60.0,-0.1043,30.0,4,58.8,-0.149,6,60.6,-0.0745,3,61.5,0.5037,3,100.0,0.3787,100.0,60.0,57.6,-1.8,0.125,8.231,six_yard,0.458,-1.71,0.208,-0.0209,57.6
8858,Guglielmo Vicario,Tottenham,EPL,31,1.5668,1.6129,2.6774,60.1,-0.0461,22.6,16,55.1,-0.1602,15,65.2,0.0757,8,60.4,0.149,8,60.9,-0.287,90.9,54.5,54.2,-10.1,0.436,22.581,six_yard,3.422,1.874,-6.732,-0.0103,54.2
8871,Marco Carnesecchi,Atalanta,Serie_A,35,1.3874,0.8857,2.9143,73.4,0.5017,37.1,18,70.2,0.328,17,75.0,0.6856,9,68.8,1.0316,9,73.7,0.0048,81.4,79.7,54.1,-4.8,1.027,2.553,pen_area,7.046,10.935,-0.423,0.1263,54.1
8881,Lorenzo Montipò,Verona,Serie_A,32,1.4058,1.4688,2.3438,56.4,-0.0629,15.6,16,60.3,-0.2199,16,53.3,0.0941,8,58.1,0.6353,8,66.7,-0.381,66.7,73.7,47.0,7.0,1.016,15.954,six_yard,3.702,-3.44,-2.272,-0.0151,47.0
9044,Alberto Paleari,Torino,Serie_A,27,1.5687,1.4815,2.9259,65.3,0.0873,33.3,14,62.1,0.2106,13,68.3,-0.0456,7,55.6,-0.262,7,93.3,0.3204,82.8,74.1,53.8,-6.2,-0.582,11.563,pen_area,0.932,5.311,-3.886,0.0195,53.8
9098,Robert Sánchez,Chelsea,EPL,33,1.5885,1.3939,2.697,63.6,0.1945,27.3,18,62.5,0.2501,15,64.7,0.1279,9,57.7,0.2411,8,77.8,0.1395,71.8,70.6,55.2,-2.2,0.102,4.78,pen_area,0.603,4.986,0.835,0.0459,55.2
9616,Grégoire Coudert,Brest,Ligue_1,21,1.6967,1.5238,3.0952,63.7,0.1729,28.6,11,60.5,0.3531,10,66.1,-0.0253,6,50.0,0.1727,5,78.6,0.1426,86.2,59.3,52.2,-5.6,0.03,5.487,pen_area,2.641,3.999,-3.01,0.0356,52.2
9676,David Raya,Arsenal,EPL,35,0.9125,0.7143,1.6,62.9,0.1983,48.6,18,62.5,0.2919,17,63.3,0.0991,9,61.5,0.8773,9,60.0,-0.1072,74.1,46.7,45.0,-0.8,0.984,4.793,six_yard,6.106,3.417,-2.589,0.078,45.0
9740,José Sá,Wolverhampton Wanderers,EPL,21,1.7989,1.6667,2.5714,54.5,0.1322,19.0,12,53.2,-0.1285,9,55.8,0.4798,6,56.4,0.5462,5,42.9,-0.4594,81.8,70.0,41.4,-2.6,1.006,9.93,six_yard,5.461,-3.088,0.401,0.028,41.4
9753,Diant Ramaj,FC Heidenheim,Bundesliga,31,2.0402,2.1613,3.1935,56.9,-0.1211,3.2,16,55.2,-0.1776,15,58.6,-0.0608,8,50.0,0.1083,8,64.3,-0.3276,63.6,59.6,55.2,-3.4,0.436,6.852,six_yard,1.704,-1.809,-3.65,-0.0216,55.2
9756,Dominik Greif,Lyon,Ligue_1,27,1.4352,1.1481,2.7407,66.7,0.287,40.7,14,71.2,0.3741,13,62.7,0.1932,7,65.9,0.9133,7,66.7,0.0033,75.5,70.6,53.7,8.5,0.91,4.448,pen_area,3.507,7.758,-3.516,0.0698,53.7
9773,Joan García,Barcelona,La_Liga,28,1.3313,0.7143,2.5357,77.2,0.617,50.0,14,82.4,0.5984,14,74.1,0.6356,7,75.0,1.1884,7,100.0,0.4004,77.8,83.3,71.4,8.3,0.788,1.215,pen_area,5.06,11.583,0.636,0.1878,71.4
9793,Matías Dituro,Elche,La_Liga,19,1.5532,1.3684,2.8421,65.1,0.1847,15.8,10,70.3,0.5146,9,60.9,-0.1818,5,77.4,1.4164,5,53.8,-0.4752,71.4,68.8,56.7,9.4,1.892,6.814,pen_area,0.473,5.74,-2.703,0.0423,56.7
9824,Julen Agirrezabala,Valencia,La_Liga,18,1.6676,1.6111,2.8889,62.7,0.0564,22.2,9,66.7,0.2299,9,61.0,-0.117,5,53.7,-0.4948,5,80.0,0.353,85.7,76.0,52.9,5.7,-0.848,18.615,six_yard,1.628,0.578,-1.19,0.0122,52.9
9839,Leo Román,Mallorca,La_Liga,29,1.7956,1.4483,3.1724,64.8,0.3473,10.3,15,69.4,0.3828,14,60.0,0.3094,8,63.3,0.6286,7,66.7,0.2273,79.5,68.0,56.4,9.4,0.401,2.261,pen_area,3.094,4.681,2.3,0.0709,56.4
9861,Jonas Urbig,Bayern Munich,Bundesliga,10,1.5373,1.4,2.0,52.6,0.1373,40.0,5,54.2,-0.2962,5,50.0,0.5708,3,47.1,0.0763,3,66.7,0.572,53.8,40.0,57.1,4.2,-0.496,5.577,six_yard,1.615,-0.6,0.355,0.0361,57.1
10160,Noah Atubolu,Freiburg,Bundesliga,32,1.5799,1.625,2.875,61.7,-0.0451,18.8,16,65.1,0.0245,16,59.3,-0.1146,8,52.1,0.1449,8,72.0,-0.2775,78.6,63.6,51.4,5.8,0.422,25.143,pen_area,-1.292,1.978,-2.126,-0.0097,51.4
10769,Robin Risser,Lens,Ligue_1,32,1.336,1.0312,2.4062,65.8,0.3048,34.4,16,67.4,0.3601,16,64.9,0.2494,8,62.8,1.124,8,68.8,-0.2232,75.0,53.8,52.8,2.5,1.347,3.432,pen_area,1.426,11.32,-2.993,0.0834,52.8
10780,Mory Diaw,Le Havre,Ligue_1,28,1.7431,1.3214,2.9286,63.1,0.4217,21.4,14,61.0,0.3569,14,64.8,0.4865,7,66.1,1.2579,7,76.5,-0.0164,84.2,65.3,54.8,-3.8,1.274,2.742,pen_area,-0.46,9.831,2.439,0.0908,54.8
10890,Michele Di Gregorio,Juventus,Serie_A,27,0.9804,0.7778,1.8889,62.2,0.2027,44.4,14,58.8,-0.0259,13,64.6,0.4488,7,63.6,0.5577,7,81.2,0.0851,67.6,62.5,52.4,-5.8,0.473,4.195,six_yard,2.733,2.298,0.438,0.0667,52.4
10967,Mile Svilar,Roma,Serie_A,35,1.1865,0.8286,2.8286,70.2,0.3579,45.7,18,72.7,0.2955,17,68.6,0.4241,9,63.3,0.5708,9,70.8,-0.005,78.9,56.2,66.2,4.1,0.576,2.722,pen_area,3.944,11.666,-3.079,0.0889,66.2
11711,Bart Verbruggen,Brighton,EPL,35,1.4501,1.0857,2.7143,69.3,0.3644,25.7,17,72.1,0.3051,18,67.1,0.4204,9,61.4,0.7967,8,88.9,0.3562,84.6,68.9,58.5,5.0,0.44,2.229,pen_area,2.792,13.82,-3.861,0.0931,58.5
11740,Álvaro Vallés,Real Betis,La_Liga,25,1.2997,1.16,3.04,72.4,0.1397,32.0,13,75.9,0.2338,12,68.6,0.0378,7,60.5,0.1206,6,78.9,-0.0768,85.7,75.5,53.6,7.3,0.197,7.176,pen_area,1.073,3.8,-1.378,0.0333,53.6
11776,Guillaume Restes,Toulouse,Ligue_1,32,1.3678,1.4062,2.5625,61.7,-0.0385,28.1,16,58.7,-0.2289,16,64.3,0.1519,8,53.4,-0.3174,8,75.0,-0.1024,82.9,53.6,54.3,-5.6,-0.215,28.134,six_yard,1.232,-2.654,0.189,-0.0093,54.3
11781,Philipp Köhn,Monaco,Ligue_1,17,1.2988,1.3529,2.4118,59.4,-0.0542,29.4,9,56.2,-0.162,8,62.2,0.0671,5,54.1,-0.4778,4,100.0,0.4102,67.6,55.6,50.0,-6.0,-0.888,13.122,outside_box,0.687,-3.157,1.547,-0.0133,50.0
12029,Daniel Batz,Mainz 05,Bundesliga,20,1.6861,1.3,3.25,67.0,0.3861,15.0,10,70.0,0.1232,10,64.9,0.649,5,58.8,0.8816,5,70.6,-0.1196,70.6,69.4,59.3,5.1,1.001,3.045,pen_area,1.142,7.208,-0.63,0.0796,59.3
12032,Djordje Petrovic,Bournemouth,EPL,35,1.5,1.4,2.8,63.2,0.1,28.6,18,61.7,-0.1111,17,64.2,0.3235,9,61.1,0.5253,8,68.8,-0.2308,71.4,65.7,52.2,-2.5,0.756,11.266,six_yard,5.627,0.341,-2.464,0.0226,52.2
12075,Kauã Santos,Eintracht Frankfurt,Bundesliga,13,1.8971,2.3846,3.0,52.0,-0.4875,15.4,7,40.6,-0.4787,6,60.5,-0.4978,4,57.6,-0.263,3,72.7,0.2693,64.3,45.0,51.2,-19.9,-0.532,1.897,six_yard,-0.888,-1.582,-3.866,-0.0845,51.2
12298,Augusto Batalla,Rayo Vallecano,La_Liga,31,1.4788,1.0968,2.7742,67.7,0.3821,32.3,15,78.4,0.3701,16,60.5,0.3932,8,52.1,0.424,8,84.6,0.262,88.9,76.9,52.5,17.9,0.162,1.993,pen_area,2.76,8.268,0.816,0.0933,52.5
12369,Lucas Perri,Leeds,EPL,16,1.6437,1.8125,2.3125,51.4,-0.1688,18.8,8,53.8,0.0459,8,50.0,-0.3835,4,48.1,-0.6858,4,75.0,0.0472,60.0,60.9,43.6,3.8,-0.733,5.668,outside_box,0.322,-4.421,1.4,-0.0375,43.6
12781,Zion Suzuki,Parma Calcio 1913,Serie_A,18,1.5036,1.2778,3.1111,65.9,0.2258,27.8,9,63.2,0.1444,9,68.1,0.3071,5,66.7,0.657,5,76.9,-0.1776,69.2,77.8,57.8,-4.9,0.835,3.962,pen_area,0.737,6.678,-3.352,0.0478,57.8
12910,Mads Hermansen,West Ham,EPL,15,1.4791,1.4667,3.0,66.2,0.0124,40.0,7,61.3,-0.0681,8,70.3,0.0829,4,48.0,-0.5138,4,94.1,0.6098,94.4,80.0,45.7,-9.0,-1.124,94.44,six_yard,1.801,-2.972,1.358,0.0027,45.7
12917,Luiz Júnior,Villarreal,La_Liga,28,1.3161,1.0,2.5357,70.3,0.3161,28.6,14,73.5,0.5543,14,67.3,0.0779,7,56.2,0.6553,7,91.7,0.318,81.5,50.0,50.0,6.2,0.337,2.046,pen_area,2.47,6.428,-0.05,0.0876,50.0
12925,Mio Backhaus,Werder Bremen,Bundesliga,30,1.7548,1.7333,2.9667,59.3,0.0215,16.7,15,50.8,-0.314,15,65.5,0.357,8,60.9,0.4502,8,66.7,-0.3167,82.4,60.0,54.8,-14.7,0.767,50.951,six_yard,3.998,-2.552,-0.802,0.0043,54.8
12942,Maarten Vandevoordt,RasenBallsport Leipzig,Bundesliga,10,1.8399,1.1,2.8,68.3,0.7399,20.0,5,70.6,0.9462,5,66.7,0.5336,3,58.8,1.7497,3,66.7,-0.0937,72.0,80.0,54.5,3.9,1.843,1.385,pen_area,1.289,5.0,1.11,0.1805,54.5
12964,Kamil Grabara,Wolfsburg,Bundesliga,32,1.9711,1.9688,3.5,60.2,0.0024,6.2,16,56.0,-0.1669,16,63.7,0.1717,8,58.9,0.1689,8,69.2,0.1228,78.1,67.5,52.6,-7.7,0.046,464.813,six_yard,5.498,-5.299,-0.124,0.0004,52.6
12973,Nikola Vasilj,St. Pauli,Bundesliga,32,1.9298,1.7188,3.4688,63.4,0.211,15.6,16,58.8,0.0608,16,67.8,0.3612,8,59.7,0.4118,8,66.7,0.0153,84.8,74.3,53.3,-9.0,0.396,4.341,pen_area,2.317,5.155,-0.719,0.0386,53.3
13712,Robin Roefs,Sunderland,EPL,32,1.7279,1.3125,3.1875,65.0,0.4154,28.1,16,67.2,0.425,16,63.4,0.4058,8,54.0,1.1124,8,70.0,0.175,85.4,79.2,39.7,3.8,0.937,2.602,pen_area,3.608,10.634,-0.953,0.0847,39.7
13781,Berke Özer,Lille,Ligue_1,30,1.2551,1.0333,2.2333,65.0,0.2218,40.0,15,65.9,0.1461,15,64.4,0.2975,8,55.0,0.5349,8,83.3,0.1008,76.5,66.7,42.9,1.5,0.434,3.764,six_yard,3.52,2.98,0.157,0.0646,42.9
13799,Obed Nkambadio,Paris FC,Ligue_1,12,1.6693,1.75,2.25,54.0,-0.0807,8.3,6,45.0,-0.2722,6,60.0,0.1108,3,44.4,-0.055,3,55.6,-0.1277,86.7,58.3,30.4,-15.0,0.073,12.422,pen_area,-0.024,0.272,-1.214,-0.0194,30.4
13807,Jonathan Fischer,Metz,Ligue_1,25,1.8756,2.04,3.44,59.7,-0.1644,16.0,13,58.1,-0.1215,12,61.0,-0.2109,7,51.7,-0.5057,6,60.0,-0.1873,90.0,78.6,55.0,-2.9,-0.318,5.607,six_yard,1.125,-1.404,-3.828,-0.0285,55.0
13816,Mike Penders,Strasbourg,Ligue_1,30,1.4263,1.3333,3.1333,68.6,0.093,26.7,15,72.2,0.0689,15,66.3,0.1171,8,60.7,0.2538,8,86.7,0.1621,73.8,75.0,61.0,5.9,0.092,7.418,pen_area,-0.364,2.405,0.75,0.0204,61.0
14056,Senne Lammens,Manchester United,EPL,29,1.2902,1.2069,2.3793,61.1,0.0833,20.7,15,64.3,-0.0189,14,57.9,0.1928,8,57.4,0.2186,7,69.2,-0.1909,68.9,52.8,50.0,6.4,0.41,9.358,six_yard,5.736,-2.764,-0.555,0.0214,50.0
14380,Justin Bijlow,Genoa,Serie_A,14,1.2979,1.2857,2.8571,65.6,0.0121,28.6,7,54.2,-0.4463,7,73.0,0.4706,4,47.6,-0.2962,4,71.4,-0.0555,76.5,93.8,42.9,-18.8,-0.241,72.871,six_yard,0.232,0.145,-0.204,0.0028,42.9
