gk_player_id,gk_name,gk_team,league,matches,shots_faced,shots_on_target,goals_conceded,saves,xGA,npxGA,goals_prevented,np_goals_prevented,penalties_faced,penalties_conceded,penalties_saved,clean_sheet,shots_six_yard,xG_six_yard,goals_six_yard,shots_pen_area,xG_pen_area,goals_pen_area,shots_outside_box,xG_outside_box,goals_outside_box,shots_open_play,xG_open_play,goals_open_play,shots_set_piece,xG_set_piece,goals_set_piece,shots_foot,xG_foot,shots_head,xG_head,save_pct,clean_sheet_pct,goals_prevented_per90,xGA_per90,goals_conceded_per90,home_matches,home_xGA,home_goals_conceded,home_saves,home_shots_on_target,home_clean_sheets,home_save_pct,home_goals_prevented,away_matches,away_xGA,away_goals_conceded,away_saves,away_shots_on_target,away_clean_sheets,away_save_pct,away_goals_prevented,vs_top_matches,vs_top_xGA,vs_top_goals_conceded,vs_top_saves,vs_top_shots_on_target,vs_top_save_pct,vs_top_goals_prevented,vs_weak_matches,vs_weak_xGA,vs_weak_goals_conceded,vs_weak_saves,vs_weak_shots_on_target,vs_weak_save_pct,vs_weak_goals_prevented,result_W_matches,result_W_xGA,result_W_goals_conceded,result_D_matches,result_D_xGA,result_D_goals_conceded,result_L_matches,result_L_xGA,result_L_goals_conceded,consistency_cv
73,Oliver Baumann,Hoffenheim,Bundesliga,28,410,143,51,87,51.052,47.263,0.05200000000000049,-1.737,5,2,3,4,38,12.081,9,249,34.119,39,123,4.849,3,285,35.668,39,120,11.597,10,328,41.575,80,9.382,60.8,14.3,0.002,1.823,1.821,14.0,26.907,28.0,41.0,71.0,1.0,57.7,-1.093,14.0,24.145,23.0,46.0,72.0,3.0,63.9,1.145,7.0,17.162,21.0,24.0,46.0,52.2,-3.838,21.0,33.89,30.0,63.0,97.0,64.9,3.89,6.0,9.423,6.0,8.0,11.626999999999999,6.0,14.0,30.002,39.0,557.061
126,Michael Zetterer,Werder Bremen,Bundesliga,34,470,166,54,102,55.802,53.528999999999996,1.8019999999999996,2.5289999999999995,3,3,0,10,46,16.67,13,243,32.725,31,181,6.406000000000001,10,343,42.741,44,124,10.785,7,382,43.794,86,11.402,61.4,29.4,0.053,1.641,1.588,17.0,24.216,25.0,44.0,74.0,6.0,59.5,-0.784,17.0,31.586,29.0,58.0,92.0,4.0,63.0,2.586,10.0,18.32,14.0,35.0,54.0,64.8,4.32,24.0,37.482,40.0,67.0,112.0,59.8,-2.518,14.0,17.442,10.0,9.0,12.44,11.0,11.0,25.92,33.0,18.601
127,Timo Horn,Bochum,Bundesliga,13,174,58,22,32,24.848,24.09,2.8480000000000003,2.0900000000000003,1,0,0,3,15,8.236,6,104,14.241,11,55,2.371,5,126,17.705,17,47,6.3839999999999995,5,146,19.401,28,5.447,55.2,23.1,0.219,1.911,1.692,7.0,13.243,15.0,14.0,31.0,1.0,45.2,-1.757,6.0,11.605,7.0,18.0,27.0,2.0,66.7,4.605,5.0,13.554,12.0,13.0,28.0,46.4,1.554,8.0,11.294,10.0,19.0,30.0,63.3,1.294,3.0,6.296,2.0,3.0,3.736,2.0,7.0,14.815999999999999,18.0,5.997
181,Bernd Leno,Fulham,EPL,38,433,165,52,106,50.097,47.053000000000004,-1.903,-1.947,4,3,1,5,40,12.359,12,265,32.878,26,128,4.855,14,305,35.149,41,124,11.903,8,341,36.968,89,12.693,64.2,13.2,-0.05,1.318,1.368,19.0,22.869,28.0,51.0,81.0,2.0,63.0,-5.131,19.0,27.228,24.0,55.0,84.0,3.0,65.5,3.228,14.0,24.268,21.0,52.0,77.0,67.5,3.268,24.0,25.829,31.0,54.0,88.0,61.4,-5.171,15.0,17.57,13.0,9.0,11.553,11.0,14.0,20.974,28.0,19.14
199,Yann Sommer,Inter,Serie_A,33,340,118,31,85,37.195,34.151,6.195,6.151,4,3,1,13,26,8.933,7,196,24.628,21,118,3.6390000000000002,3,265,27.067,22,71,7.088,6,277,31.466,63,5.732,72.0,39.4,0.188,1.127,0.939,16.0,20.695,18.0,40.0,58.0,4.0,69.0,2.695,17.0,16.5,13.0,45.0,60.0,9.0,75.0,3.5,4.0,5.678,3.0,13.0,16.0,81.2,2.678,29.0,31.517,28.0,72.0,102.0,70.6,3.517,20.0,15.679,8.0,8.0,12.451,15.0,5.0,9.065,8.0,4.489
217,Manuel Neuer,Bayern Munich,Bundesliga,22,157,51,15,30,16.296,14.78,1.2960000000000005,0.7800000000000005,2,1,0,13,7,1.11,0,102,14.111,13,48,1.079,2,117,12.568,11,38,2.212,3,124,14.19,33,2.108,58.8,59.1,0.059,0.741,0.682,11.0,7.053000000000001,6.0,20.0,26.0,8.0,76.9,1.053,11.0,9.243,9.0,10.0,25.0,5.0,40.0,0.243,7.0,6.191000000000001,6.0,10.0,19.0,52.6,0.191,15.0,10.105,9.0,20.0,32.0,62.5,1.105,18.0,11.539,10.0,4.0,4.757000000000001,5.0,,,,15.533
250,Ørjan Nyland,Sevilla,La_Liga,30,333,116,38,74,39.768,36.795,1.7679999999999998,1.795,4,3,1,8,22,7.393,7,187,28.352,23,124,4.021,8,235,28.71,24,94,8.088,11,263,30.572,68,8.319,63.8,26.7,0.059,1.326,1.267,15.0,18.962,20.0,33.0,56.0,3.0,58.9,-1.038,15.0,20.805999999999997,18.0,41.0,60.0,5.0,68.3,2.806,5.0,10.872,15.0,17.0,33.0,51.5,-4.128,25.0,28.896,23.0,57.0,83.0,68.7,5.896,8.0,5.728,2.0,10.0,13.788,9.0,12.0,20.252,27.0,15.235
281,Lukas Hradecky,Bayer Leverkusen,Bundesliga,29,298,125,35,83,38.24,35.209,3.24,4.2090000000000005,4,4,0,6,37,12.549999999999999,10,153,22.464,19,108,3.221,6,218,23.799,25,76,11.413,6,253,30.053,43,6.7700000000000005,66.4,20.7,0.112,1.319,1.207,14.0,16.101,18.0,30.0,51.0,3.0,58.8,-1.899,15.0,22.139,17.0,53.0,74.0,3.0,71.6,5.139,8.0,10.071,11.0,13.0,27.0,48.1,-0.929,21.0,28.169,24.0,70.0,98.0,71.4,4.169,16.0,21.66,19.0,11.0,13.503,10.0,2.0,3.077,6.0,7.521
449,Robin Zentner,Mainz 05,Bundesliga,32,445,151,41,101,49.854,46.065,8.854,9.065,5,4,1,9,42,13.84,16,272,31.609,20,131,4.406,5,316,34.977,24,124,11.088,13,354,39.44,89,9.894,66.9,28.1,0.277,1.558,1.281,16.0,20.2,17.0,41.0,62.0,5.0,66.1,3.2,16.0,29.654,24.0,60.0,89.0,4.0,67.4,5.654,9.0,17.67,15.0,35.0,55.0,63.6,2.67,23.0,32.184,26.0,66.0,96.0,68.8,6.184,13.0,15.513,7.0,9.0,14.768,12.0,10.0,19.573,22.0,3.145
473,Danny Ward,Leicester,EPL,1,8,5,3,1,1.135,1.135,-1.865,-1.865,0,0,0,0,0,0.0,0,6,1.074,3,2,0.062,0,6,1.071,3,2,0.064,0,5,0.332,2,0.504,20.0,0.0,-1.865,1.135,3.0,1.0,1.135,3.0,1.0,5.0,0.0,20.0,-1.865,,,,,,,,,,,,,,,,1.0,1.135,3.0,1.0,5.0,20.0,-1.865,,,,,,,1.0,1.135,3.0,
527,Adrián,Real Betis,La_Liga,19,217,79,27,49,25.828,25.085,-1.1720000000000002,-0.9149999999999999,1,1,0,3,14,5.514,5,121,17.938,19,82,2.376,3,153,18.358,19,63,6.728,7,181,20.637,36,5.191,62.0,15.8,-0.062,1.359,1.421,10.0,11.062,12.0,16.0,30.0,2.0,53.3,-0.938,9.0,14.766,15.0,33.0,49.0,1.0,67.3,-0.234,4.0,8.913,8.0,12.0,22.0,54.5,0.913,15.0,16.915,19.0,37.0,57.0,64.9,-2.085,10.0,8.608,8.0,5.0,7.421,7.0,4.0,9.799,12.0,11.016
546,David de Gea,Fiorentina,Serie_A,35,419,143,37,98,43.813,41.53,6.813,5.529999999999999,3,1,2,11,28,8.786,10,240,29.691,23,151,5.337,4,311,31.314,30,105,10.218,6,338,34.647999999999996,78,8.697,68.5,31.4,0.195,1.252,1.057,17.0,17.879,16.0,42.0,60.0,6.0,70.0,1.879,18.0,25.934,21.0,56.0,83.0,5.0,67.5,4.934,6.0,10.957,7.0,24.0,33.0,72.7,3.957,29.0,32.856,30.0,74.0,110.0,67.3,2.856,19.0,20.544,12.0,5.0,5.6259999999999994,5.0,11.0,17.643,20.0,4.235
635,Alex McCarthy,Southampton,EPL,5,88,39,13,24,13.619,12.097,0.619,1.0970000000000002,2,2,0,0,8,3.277,3,54,9.575,10,26,0.767,0,59,8.767,10,27,3.33,1,80,12.584,8,1.035,61.5,0.0,0.124,2.724,2.6,4.0,13.186,12.0,24.0,38.0,0.0,63.2,1.186,1.0,0.433,1.0,0.0,1.0,0.0,0.0,-0.567,3.0,6.71,7.0,13.0,21.0,61.9,-0.29,2.0,6.909,6.0,11.0,18.0,61.1,0.909,,,,,,,5.0,13.619,13.0,9.013
680,Thibaut Courtois,Real Madrid,La_Liga,30,321,111,28,76,36.518,34.287,8.518,9.286999999999999,3,3,0,11,25,10.905,10,183,22.084,17,113,3.525,1,243,27.301000000000002,18,75,6.987,7,270,30.412,50,6.068,68.5,36.7,0.284,1.217,0.933,12.0,9.924,9.0,18.0,30.0,5.0,60.0,0.924,18.0,26.594,19.0,58.0,81.0,6.0,71.6,7.594,4.0,8.818999999999999,7.0,17.0,24.0,70.8,1.819,26.0,27.698999999999998,21.0,59.0,87.0,67.8,6.699,20.0,19.399,11.0,6.0,8.142,8.0,4.0,8.977,9.0,2.787
706,Lukasz Fabianski,West Ham,EPL,13,222,74,20,50,26.677,24.393,6.677,7.393,3,3,0,3,21,7.081,4,126,17.153,9,75,2.443,7,171,20.136,12,48,4.257,5,178,20.207,42,6.355,67.6,23.1,0.514,2.052,1.538,7.0,14.86,12.0,26.0,41.0,1.0,63.4,2.86,6.0,11.817,8.0,24.0,33.0,2.0,72.7,3.817,4.0,9.219000000000001,8.0,17.0,26.0,65.4,1.219,9.0,17.458,12.0,33.0,48.0,68.8,5.458,6.0,11.599,5.0,3.0,4.322,2.0,4.0,10.756,13.0,1.872
741,Jordan Pickford,Everton,EPL,38,482,168,44,118,55.172,53.65,11.172,9.65,2,0,2,12,53,17.554,14,258,30.729,25,171,6.892,5,351,41.339999999999996,36,129,12.309,8,395,41.369,84,13.714,70.2,31.6,0.294,1.452,1.158,19.0,26.434,23.0,50.0,76.0,6.0,65.8,3.434,19.0,28.738,21.0,68.0,92.0,6.0,73.9,7.738,14.0,24.428,14.0,57.0,74.0,77.0,10.428,24.0,30.744,30.0,61.0,94.0,64.9,0.744,11.0,11.836,5.0,15.0,19.877,13.0,12.0,23.459,26.0,3.309
831,Fraser Forster,Tottenham,EPL,7,106,44,15,27,16.712,15.189,1.712,2.189,2,2,0,1,15,6.013999999999999,3,60,9.488,10,31,1.208,2,81,13.296,11,23,1.8920000000000001,2,87,13.677,19,3.034,61.4,14.3,0.245,2.387,2.143,4.0,10.831,13.0,15.0,29.0,0.0,51.7,-2.169,3.0,5.881,2.0,12.0,15.0,1.0,80.0,3.881,3.0,11.899999999999999,11.0,16.0,29.0,55.2,0.9,4.0,4.812,4.0,11.0,15.0,73.3,0.812,1.0,1.274,0.0,2.0,2.222,3.0,4.0,13.216,12.0,5.473
973,Paulo Gazzaniga,Girona,La_Liga,36,423,151,51,94,51.925,48.208,0.925,-0.792,5,2,3,8,32,13.328999999999999,10,226,32.678,31,165,5.916,10,330,40.66,41,88,7.552,8,360,42.684,61,8.801,62.3,22.2,0.026,1.442,1.417,18.0,24.393,26.0,46.0,72.0,4.0,63.9,-1.607,18.0,27.532,25.0,48.0,79.0,4.0,60.8,2.532,7.0,14.651,18.0,27.0,49.0,55.1,-3.349,29.0,37.274,33.0,67.0,102.0,65.7,4.274,11.0,9.886,6.0,8.0,8.267,9.0,17.0,33.772,36.0,39.587
978,Sam Johnstone,Wolverhampton Wanderers,EPL,7,97,40,16,23,14.498,12.976,-1.502,-1.024,2,2,0,0,15,4.207,3,56,8.709,11,26,1.582,2,59,10.781,8,36,2.193,6,72,10.919,25,3.579,57.5,0.0,-0.215,2.071,2.286,3.0,5.379,5.0,10.0,16.0,0.0,62.5,0.379,4.0,9.119,11.0,13.0,24.0,0.0,54.2,-1.881,2.0,3.605,4.0,8.0,13.0,61.5,-0.395,5.0,10.893,12.0,15.0,27.0,55.6,-1.107,,,,1.0,1.411,1.0,6.0,13.087,15.0,3.01
1038,Alex Palmer,Ipswich,EPL,13,236,77,28,43,28.372,27.611,0.3719999999999999,0.6109999999999998,1,1,0,0,27,10.838,6,132,14.841,20,77,2.691,2,170,18.851,17,65,8.762,10,200,22.105999999999998,36,6.266,55.8,0.0,0.029,2.182,2.154,5.0,9.969,15.0,15.0,32.0,0.0,46.9,-5.031,8.0,18.403,13.0,28.0,45.0,0.0,62.2,5.403,5.0,15.17,10.0,20.0,33.0,60.6,5.17,8.0,13.202,18.0,23.0,44.0,52.3,-4.798,1.0,2.048,1.0,3.0,6.645,4.0,9.0,19.679,23.0,57.409
1093,Mattia Perin,Juventus,Serie_A,5,41,17,3,13,3.1500000000000004,3.1500000000000004,0.1499999999999999,0.1499999999999999,0,0,0,3,2,0.702,1,20,1.835,2,19,0.613,0,29,2.6390000000000002,3,12,0.511,0,36,3.023,5,0.127,76.5,60.0,0.03,0.63,0.6,2.0,1.06,2.0,3.0,6.0,1.0,50.0,-0.94,3.0,2.09,1.0,10.0,11.0,2.0,90.9,1.09,,,,,,,,5.0,3.1500000000000004,3.0,13.0,17.0,76.5,0.15,2.0,0.66,0.0,3.0,2.49,3.0,,,,23.965
1116,Gianluigi Donnarumma,Paris Saint Germain,Ligue_1,24,206,78,27,50,23.789,22.269000000000002,-3.2110000000000003,-2.7310000000000003,2,2,0,4,21,6.531000000000001,6,108,14.684,15,77,2.576,6,156,16.7,17,48,5.57,8,167,19.015,38,4.729,64.1,16.7,-0.134,0.991,1.125,13.0,12.442,14.0,22.0,36.0,2.0,61.1,-1.558,11.0,11.347,13.0,28.0,42.0,2.0,66.7,-1.653,8.0,10.024000000000001,11.0,16.0,27.0,59.3,-0.976,16.0,13.765,16.0,34.0,51.0,66.7,-2.235,18.0,19.592,20.0,5.0,2.558,4.0,1.0,1.639,3.0,4.575
1158,Simone Scuffet,Cagliari,Serie_A,13,195,58,23,33,26.123,22.316,3.123,4.316000000000001,5,5,0,1,21,7.518,6,96,16.219,14,78,2.391,3,141,16.811,10,49,5.504,8,165,21.87,29,4.127,56.9,7.7,0.24,2.009,1.769,7.0,11.190000000000001,14.0,16.0,31.0,1.0,51.6,-2.81,7.0,16.043,10.0,20.0,31.0,0.0,64.5,6.043,1.0,3.186,3.0,2.0,5.0,40.0,0.186,13.0,24.047,21.0,34.0,57.0,59.6,3.047,3.0,5.789000000000001,5.0,4.0,7.768000000000001,3.0,7.0,13.676,16.0,5.795
1158,Simone Scuffet,Napoli,Serie_A,1,12,4,1,3,1.11,1.11,0.11,0.11,0,0,0,0,1,0.54,1,9,0.494,0,2,0.076,0,8,0.899,1,4,0.212,0,9,0.92,2,0.146,75.0,0.0,0.11,1.11,1.0,7.0,11.190000000000001,14.0,16.0,31.0,1.0,51.6,-2.81,7.0,16.043,10.0,20.0,31.0,0.0,64.5,6.043,1.0,3.186,3.0,2.0,5.0,40.0,0.186,13.0,24.047,21.0,34.0,57.0,59.6,3.047,3.0,5.789000000000001,5.0,4.0,7.768000000000001,3.0,7.0,13.676,16.0,5.795
1195,Daniele Padelli,Udinese,Serie_A,1,9,3,0,3,0.618,0.618,0.618,0.618,0,0,0,1,0,0.0,0,6,0.518,0,3,0.1,0,6,0.531,0,3,0.087,0,7,0.579,2,0.039,100.0,100.0,0.618,0.618,0.0,1.0,0.618,0.0,3.0,3.0,1.0,100.0,0.618,,,,,,,,,,,,,,,,1.0,0.618,0.0,3.0,3.0,100.0,0.618,1.0,0.618,0.0,,,,,,,
1244,Wojciech Szczesny,Barcelona,La_Liga,14,100,33,12,21,14.107,13.363,2.107,2.363,1,1,0,7,9,2.555,2,67,10.796,10,24,0.756,0,73,10.833,10,26,2.5300000000000002,1,79,11.975999999999999,20,2.13,63.6,50.0,0.151,1.008,0.857,9.0,9.535,9.0,14.0,23.0,4.0,60.9,0.535,5.0,4.572,3.0,7.0,10.0,3.0,70.0,1.572,2.0,3.6559999999999997,5.0,2.0,7.0,28.6,-1.344,12.0,10.451,7.0,19.0,26.0,73.1,3.451,13.0,13.857,11.0,1.0,0.25,1.0,,,,4.87
1257,Alisson,Liverpool,EPL,28,273,108,27,74,29.529,28.768,2.5289999999999995,2.768,1,1,0,10,22,7.707,7,149,18.713,16,102,3.109,4,214,23.511,22,58,5.259,4,239,24.13,33,5.309,68.5,35.7,0.09,1.055,0.964,13.0,12.706,13.0,29.0,44.0,2.0,65.9,-0.294,15.0,16.823,14.0,45.0,64.0,8.0,70.3,2.823,7.0,10.451,5.0,25.0,34.0,73.5,5.451,21.0,19.078,22.0,49.0,74.0,66.2,-2.922,18.0,14.14,9.0,7.0,9.085,12.0,3.0,6.304,6.0,9.701
1297,Neto,Bournemouth,EPL,2,28,13,2,11,3.178,3.178,1.178,1.178,0,0,0,0,1,0.51,1,19,2.455,1,8,0.212,0,21,2.45,2,7,0.728,0,22,2.148,6,1.03,84.6,0.0,0.589,1.589,1.0,1.0,1.893,1.0,4.0,5.0,0.0,80.0,0.893,1.0,1.285,1.0,7.0,8.0,0.0,87.5,0.285,1.0,1.893,1.0,4.0,5.0,80.0,0.893,1.0,1.285,1.0,7.0,8.0,87.5,0.285,,,,2.0,3.178,2.0,,,,0.73
1302,Emil Audero,Como,Serie_A,8,78,37,18,16,12.418,9.374,-5.582000000000001,-4.626,4,4,0,0,4,1.877,2,45,9.51,14,29,1.031,2,59,7.843,12,15,1.53,2,72,11.035,5,1.2599999999999998,43.2,0.0,-0.698,1.552,2.25,5.0,7.617,12.0,9.0,24.0,0.0,37.5,-4.383,3.0,4.801,6.0,7.0,13.0,0.0,53.8,-1.199,1.0,1.317,2.0,3.0,5.0,60.0,-0.683,7.0,11.100999999999999,16.0,13.0,32.0,40.6,-4.899,2.0,2.871,4.0,2.0,2.08,3.0,4.0,7.467,11.0,1.08
1305,Lukasz Skorupski,Bologna,Serie_A,27,243,89,31,52,31.016,29.493,0.015999999999999348,-0.5070000000000001,2,1,1,8,15,4.997,6,155,23.177,19,73,2.848,6,174,24.806,29,67,4.686,1,201,25.825,40,4.155,58.4,29.6,0.001,1.149,1.148,14.0,15.34,13.0,24.0,40.0,4.0,60.0,2.34,13.0,15.676,18.0,28.0,49.0,4.0,57.1,-2.324,4.0,7.561999999999999,7.0,12.0,21.0,57.1,0.562,23.0,23.454,24.0,40.0,68.0,58.8,-0.546,11.0,10.911999999999999,7.0,12.0,14.189,13.0,4.0,5.915,11.0,1379.921
1374,José Reina,Como,Serie_A,12,123,47,15,29,13.876999999999999,13.115,-1.1230000000000002,-0.8850000000000001,1,1,0,2,7,2.33,2,73,10.142,10,43,1.4060000000000001,3,87,10.154,10,35,2.96,4,96,10.552999999999999,26,3.193,61.7,16.7,-0.094,1.156,1.25,5.0,6.3469999999999995,4.0,10.0,15.0,2.0,66.7,2.347,7.0,7.529999999999999,11.0,19.0,32.0,0.0,59.4,-3.47,2.0,4.187,4.0,7.0,11.0,63.6,0.187,10.0,9.69,11.0,22.0,36.0,61.1,-1.31,3.0,2.3120000000000003,1.0,4.0,4.1339999999999995,5.0,5.0,7.431,9.0,8.514
1501,Marco Sportiello,AC Milan,Serie_A,1,12,4,2,1,1.19,1.19,-0.81,-0.81,0,0,0,0,1,0.402,0,7,0.671,1,4,0.117,1,9,1.082,2,3,0.108,0,10,1.131,2,0.059,25.0,0.0,-0.81,1.19,2.0,,,,,,,,,1.0,1.19,2.0,1.0,4.0,0.0,25.0,-0.81,,,,,,,,1.0,1.19,2.0,1.0,4.0,25.0,-0.81,1.0,1.19,2.0,,,,,,,
1544,Federico Ravaglia,Bologna,Serie_A,11,78,23,14,9,10.724,9.963000000000001,-3.276,-3.037,1,1,0,4,8,3.637,3,41,6.1450000000000005,9,29,0.942,2,57,7.743,10,20,2.222,3,64,8.361,13,2.307,39.1,36.4,-0.298,0.975,1.273,5.0,4.102,4.0,3.0,7.0,3.0,42.9,0.102,6.0,6.622,10.0,6.0,16.0,1.0,37.5,-3.378,2.0,1.819,2.0,1.0,3.0,33.3,-0.181,9.0,8.905000000000001,12.0,8.0,20.0,40.0,-3.095,5.0,2.8360000000000003,2.0,2.0,1.535,2.0,4.0,6.353,10.0,3.128
1670,Steve Mandanda,Rennes,Ligue_1,17,167,57,22,30,21.038,18.758,-0.9620000000000001,-1.242,3,2,1,6,10,4.43,4,100,14.745,17,57,1.863,1,130,14.966,16,34,3.7929999999999997,4,138,17.821,29,3.219,52.6,35.3,-0.057,1.238,1.294,9.0,6.49,5.0,8.0,15.0,6.0,53.3,1.49,8.0,14.548,17.0,22.0,42.0,0.0,52.4,-2.452,4.0,7.781,8.0,9.0,19.0,47.4,-0.219,13.0,13.257,14.0,21.0,38.0,55.3,-0.743,6.0,3.822,0.0,2.0,2.279,2.0,9.0,14.937,20.0,17.22
1830,Ionut Radu,Venezia,Serie_A,15,220,69,18,47,23.888,21.604,5.888,6.603999999999999,3,3,0,4,19,6.417999999999999,3,131,15.425,14,70,2.043,1,159,14.265,11,58,7.338,4,172,17.09,48,6.797,68.1,26.7,0.393,1.593,1.2,8.0,10.243,8.0,25.0,34.0,3.0,73.5,2.243,7.0,13.645,10.0,22.0,35.0,1.0,62.9,3.645,2.0,4.843,2.0,3.0,7.0,42.9,2.843,13.0,19.045,16.0,44.0,62.0,71.0,3.045,2.0,1.585,1.0,7.0,11.349,5.0,6.0,10.954,12.0,2.813
1841,Pierluigi Gollini,Genoa,Serie_A,7,99,34,15,17,16.668,13.623000000000001,1.668,1.6229999999999998,4,3,1,1,8,2.6839999999999997,1,63,13.131,12,28,0.855,2,70,10.564,10,25,3.061,2,75,13.176,23,3.441,50.0,14.3,0.238,2.381,2.143,4.0,9.897,8.0,10.0,19.0,0.0,52.6,1.897,3.0,6.771,7.0,7.0,15.0,1.0,46.7,-0.229,2.0,6.259,7.0,8.0,16.0,50.0,-0.741,5.0,10.408999999999999,8.0,9.0,18.0,50.0,2.409,1.0,0.401,0.0,2.0,4.882,3.0,4.0,11.385,12.0,3.261
1873,Nicola Leali,Genoa,Serie_A,29,344,118,28,83,34.698,31.653,6.698,6.6530000000000005,4,3,1,10,24,9.131,5,180,21.441,18,140,4.129,5,252,25.591,19,88,6.062,6,284,28.075,59,6.518,70.3,34.5,0.231,1.196,0.966,15.0,17.114,16.0,43.0,61.0,5.0,70.5,1.114,14.0,17.584,12.0,40.0,57.0,5.0,70.2,5.584,4.0,5.5649999999999995,5.0,14.0,21.0,66.7,0.565,25.0,29.133,23.0,69.0,97.0,71.1,6.133,8.0,5.95,2.0,10.0,11.38,7.0,11.0,17.368,19.0,2.887
1892,Alex Meret,Napoli,Serie_A,34,330,93,23,62,29.14,26.095,6.14,4.095,4,1,2,17,19,6.457,3,172,18.599,13,139,4.079,7,248,20.046,20,78,6.043,2,273,22.95,55,6.140000000000001,66.7,50.0,0.181,0.857,0.676,17.0,14.95,11.0,22.0,37.0,8.0,59.5,3.95,17.0,14.19,12.0,40.0,56.0,9.0,71.4,2.19,6.0,6.9719999999999995,8.0,15.0,25.0,60.0,-1.028,28.0,22.168,15.0,47.0,68.0,69.1,7.168,21.0,18.065,8.0,9.0,6.974,7.0,4.0,4.101,8.0,4.162
2090,Marc-André ter Stegen,Barcelona,La_Liga,8,61,24,9,14,9.671,8.927999999999999,0.671,0.9279999999999999,1,1,0,1,2,0.722,1,48,8.184,8,11,0.766,0,48,7.573,7,12,1.354,1,50,7.952,10,1.673,58.3,12.5,0.084,1.209,1.125,3.0,3.484,4.0,2.0,6.0,1.0,33.3,-0.516,5.0,6.186999999999999,5.0,12.0,18.0,0.0,66.7,1.187,2.0,4.3629999999999995,4.0,3.0,8.0,37.5,0.363,6.0,5.308,5.0,11.0,16.0,68.8,0.308,7.0,7.709,6.0,,,,1.0,1.962,3.0,8.922
2190,Vicente Guaita,Celta Vigo,La_Liga,34,345,134,48,79,42.165,39.934,-5.835000000000001,-5.066000000000001,3,3,0,8,25,9.843,7,206,28.383,37,114,3.939,4,254,31.185,38,88,8.752,7,263,30.483,80,11.615,59.0,23.5,-0.172,1.24,1.412,17.0,18.849,19.0,39.0,61.0,5.0,63.9,-0.151,17.0,23.316,29.0,40.0,73.0,3.0,54.8,-5.684,7.0,10.84,13.0,12.0,26.0,46.2,-2.16,27.0,31.325,35.0,67.0,108.0,62.0,-3.675,14.0,15.002,8.0,7.0,8.006,10.0,13.0,19.157,30.0,5.882
2225,Gerónimo Rulli,Marseille,Ligue_1,34,328,141,45,90,52.326,47.766,7.326,5.766,6,3,3,5,28,10.285,6,205,37.766,34,95,4.277,5,242,40.494,35,80,7.2749999999999995,7,280,45.141999999999996,45,6.097,63.8,14.7,0.215,1.539,1.324,17.0,24.399,22.0,36.0,63.0,2.0,57.1,2.399,17.0,27.927,23.0,54.0,78.0,3.0,69.2,4.927,8.0,20.312,14.0,34.0,50.0,68.0,6.312,26.0,32.014,31.0,56.0,91.0,61.5,1.014,20.0,27.518,19.0,5.0,4.992,6.0,9.0,19.816,20.0,4.258
2261,Jan Oblak,Atletico Madrid,La_Liga,36,381,124,28,86,38.697,34.981,10.697,11.981,5,5,0,15,22,6.763,4,202,26.659,19,157,5.273,5,280,27.289,17,96,7.688,6,307,28.353,72,10.236,69.4,41.7,0.297,1.075,0.778,19.0,15.719999999999999,15.0,35.0,55.0,10.0,63.6,0.72,17.0,22.977,13.0,51.0,69.0,5.0,73.9,9.977,6.0,11.536,9.0,21.0,35.0,60.0,2.536,30.0,27.161,19.0,65.0,89.0,73.0,8.161,20.0,17.363,10.0,10.0,12.918,8.0,6.0,8.416,10.0,3.406
2310,Alphonse Areola,West Ham,EPL,25,364,127,39,77,41.663,41.663,2.663,2.663,0,0,0,4,37,11.902,10,208,25.425,24,119,4.335,5,269,32.406,32,95,9.254,7,298,32.364,63,8.721,60.6,16.0,0.107,1.667,1.56,12.0,22.553,22.0,34.0,62.0,1.0,54.8,0.553,13.0,19.11,17.0,43.0,65.0,3.0,66.2,2.11,10.0,20.086,20.0,33.0,58.0,56.9,0.086,15.0,21.577,19.0,44.0,69.0,63.8,2.577,5.0,6.542,1.0,7.0,9.108,8.0,13.0,26.012999999999998,30.0,9.568
2385,Mat Ryan,Lens,Ligue_1,14,153,63,17,44,21.198,18.918,4.1979999999999995,3.918,3,2,1,6,16,5.199,3,98,14.965,12,39,1.033,2,122,16.576,15,28,2.342,0,127,17.744,26,3.453,69.8,42.9,0.3,1.514,1.214,7.0,8.581,10.0,15.0,25.0,4.0,60.0,-1.419,7.0,12.617,7.0,29.0,38.0,2.0,76.3,5.617,3.0,2.85,1.0,12.0,14.0,85.7,1.85,11.0,18.348,16.0,32.0,49.0,65.3,2.348,8.0,7.545999999999999,2.0,1.0,1.124,1.0,5.0,12.528,14.0,3.956
2415,David Soria,Getafe,La_Liga,38,371,130,39,87,51.703,45.014,12.703,14.014,9,8,1,9,30,9.82,5,214,36.996,29,127,4.892,5,266,33.135,25,96,11.883000000000001,6,315,41.675000000000004,56,10.025,66.9,23.7,0.334,1.361,1.026,19.0,21.917,19.0,32.0,53.0,6.0,60.4,2.917,19.0,29.786,20.0,55.0,77.0,3.0,71.4,9.786,8.0,16.114,10.0,21.0,31.0,67.7,6.114,30.0,35.589,29.0,66.0,99.0,66.7,6.589,11.0,12.023,5.0,9.0,7.704,6.0,18.0,31.976,28.0,2.466
2555,Remiro,Real Sociedad,La_Liga,36,415,137,43,87,46.056,41.595,3.0559999999999996,3.5949999999999993,6,5,1,13,23,7.976999999999999,6,236,33.484,34,156,4.596,3,292,33.902,32,117,7.691,6,339,36.477000000000004,75,8.974,63.5,36.1,0.085,1.279,1.194,18.0,20.499000000000002,19.0,38.0,58.0,7.0,65.5,1.499,18.0,25.557,24.0,49.0,79.0,6.0,62.0,1.557,7.0,12.113,13.0,21.0,37.0,56.8,-0.887,29.0,33.943,30.0,66.0,100.0,66.0,3.943,13.0,12.282,5.0,7.0,5.829,5.0,16.0,27.945,33.0,9.891
2619,Stole Dimitrievski,Valencia,La_Liga,4,40,14,6,6,6.687,5.199,0.6869999999999999,0.19899999999999995,2,1,0,0,0,0.0,0,24,6.091,6,16,0.595,0,31,4.844,5,7,0.357,0,36,5.624,4,1.0619999999999998,42.9,0.0,0.172,1.672,1.5,2.0,4.251,4.0,4.0,9.0,0.0,44.4,0.251,2.0,2.436,2.0,2.0,5.0,0.0,40.0,0.436,1.0,2.692,2.0,3.0,6.0,50.0,0.692,3.0,3.995,4.0,3.0,8.0,37.5,-0.005,,,,2.0,3.463,3.0,2.0,3.224,3.0,4.241
2639,Alexander Nübel,VfB Stuttgart,Bundesliga,34,390,144,52,84,53.719,51.446,1.7189999999999999,1.4459999999999997,3,2,1,7,32,10.693,11,230,38.953,32,128,4.066,9,286,41.353,39,101,10.089,11,316,42.753,72,10.679,58.3,20.6,0.051,1.58,1.529,17.0,23.048,26.0,37.0,67.0,3.0,55.2,-2.952,17.0,30.671,26.0,47.0,77.0,4.0,61.0,4.671,8.0,18.633,16.0,29.0,48.0,60.4,2.633,26.0,35.086,36.0,55.0,96.0,57.3,-0.914,14.0,11.861,10.0,8.0,13.664,15.0,12.0,28.194,27.0,19.786
3201,Alban Lafont,Nantes,Ligue_1,12,124,54,18,32,16.386,14.106,-1.6140000000000003,-0.8940000000000002,3,3,0,2,12,4.229,5,78,11.169,12,34,0.987,1,87,11.116,12,34,2.992,3,95,13.126,29,3.261,59.3,16.7,-0.135,1.366,1.5,6.0,5.086,9.0,16.0,26.0,1.0,61.5,-3.914,6.0,11.3,9.0,16.0,28.0,1.0,57.1,2.3,3.0,4.122,4.0,13.0,20.0,65.0,0.122,9.0,12.264,14.0,19.0,34.0,55.9,-1.736,2.0,1.629,1.0,4.0,4.135,4.0,6.0,10.622,13.0,7.78
3269,Anthony Lopes,Nantes,Ligue_1,18,251,78,26,47,35.537,31.737,9.537,9.737,5,4,0,3,33,9.625,5,149,23.606,19,69,2.306,2,188,26.464,19,58,5.271,3,204,28.364,47,7.173,60.3,16.7,0.53,1.974,1.444,9.0,15.267,8.0,20.0,30.0,3.0,66.7,7.267,9.0,20.27,18.0,27.0,48.0,0.0,56.2,2.27,5.0,15.091999999999999,13.0,22.0,37.0,59.5,2.092,13.0,20.445,13.0,25.0,41.0,61.0,7.445,5.0,8.465,2.0,6.0,8.169,6.0,7.0,18.903,18.0,1.724
3283,Mathieu Gorgelin,Le Havre,Ligue_1,16,220,85,32,49,34.326,32.045,2.3260000000000005,3.045,3,3,0,1,21,10.006,9,136,21.964,20,63,2.356,3,162,26.224,24,55,5.823,5,183,29.665,36,4.616,57.6,6.2,0.145,2.145,2.0,7.0,17.072,17.0,18.0,37.0,0.0,48.6,0.072,9.0,17.254,15.0,31.0,48.0,1.0,64.6,2.254,5.0,13.577,12.0,21.0,35.0,60.0,1.577,11.0,20.749,20.0,28.0,50.0,56.0,0.749,5.0,6.828,7.0,4.0,8.518,4.0,7.0,18.98,21.0,7.651
3286,Kevin Trapp,Eintracht Frankfurt,Bundesliga,26,350,129,34,85,42.672,41.157,8.672,7.157,2,0,2,6,32,13.738,11,208,25.716,19,110,3.218,4,272,33.892,26,76,7.2669999999999995,8,288,33.414,60,7.825,65.9,23.1,0.334,1.641,1.308,12.0,13.06,15.0,31.0,47.0,3.0,66.0,-1.94,14.0,29.612,19.0,54.0,82.0,3.0,65.9,10.612,6.0,16.605,14.0,32.0,50.0,64.0,2.605,20.0,26.067,20.0,53.0,79.0,67.1,6.067,12.0,15.234,9.0,8.0,11.018,9.0,6.0,16.419999999999998,16.0,2.87
3451,Benjamin Lecomte,Montpellier,Ligue_1,30,463,180,65,108,63.762,58.441,-1.238,-0.5589999999999999,7,6,1,1,44,17.634999999999998,15,269,40.243,39,150,5.886,11,341,47.793,51,115,10.649,8,391,54.382,72,9.376,60.0,3.3,-0.041,2.125,2.167,16.0,34.377,39.0,60.0,102.0,1.0,58.8,-4.623,14.0,29.385,26.0,48.0,78.0,0.0,61.5,3.385,9.0,22.736,28.0,38.0,69.0,55.1,-5.264,21.0,41.026,37.0,70.0,111.0,63.1,4.026,3.0,5.029,3.0,4.0,5.773,5.0,23.0,52.96,57.0,24.835
3591,Dimitry Bertaud,Montpellier,Ligue_1,4,68,23,11,10,11.767,10.246,0.7669999999999999,1.246,2,2,0,0,10,2.7359999999999998,2,44,8.389,6,14,0.641,3,43,7.569,9,23,2.679,0,48,8.204,19,3.018,43.5,0.0,0.192,2.942,2.75,1.0,1.454,2.0,3.0,5.0,0.0,60.0,-0.546,3.0,10.313,9.0,7.0,18.0,0.0,38.9,1.313,1.0,3.587,2.0,4.0,7.0,57.1,1.587,3.0,8.18,9.0,6.0,16.0,37.5,-0.82,1.0,1.454,2.0,,,,3.0,10.313,9.0,4.992
3737,Mike Maignan,AC Milan,Serie_A,37,422,147,38,101,46.628,45.106,8.628,8.106,2,1,1,13,39,12.469999999999999,10,226,29.669,21,157,4.488,7,324,36.238,30,96,8.868,7,362,38.845,58,7.590999999999999,68.7,35.1,0.233,1.26,1.027,19.0,20.988,14.0,54.0,74.0,8.0,73.0,6.988,18.0,25.64,24.0,47.0,73.0,5.0,64.4,1.64,4.0,7.673,5.0,15.0,23.0,65.2,2.673,33.0,38.955,33.0,86.0,124.0,69.4,5.955,17.0,13.887,7.0,9.0,13.114,10.0,11.0,19.627,21.0,3.117
4193,Aitor Fernández,Osasuna,La_Liga,1,11,5,0,5,0.759,0.759,0.759,0.759,0,0,0,1,1,0.066,0,5,0.551,0,5,0.142,0,9,0.709,0,2,0.051,0,9,0.668,2,0.092,100.0,100.0,0.759,0.759,0.0,,,,,,,,,1.0,0.759,0.0,5.0,5.0,1.0,100.0,0.759,,,,,,,,1.0,0.759,0.0,5.0,5.0,100.0,0.759,,,,1.0,0.759,0.0,,,,
4306,Patrick Drewes,Bochum,Bundesliga,20,302,103,44,52,48.629,45.598,4.629,3.5979999999999994,4,2,2,2,38,14.895,11,180,29.405,23,84,4.329,10,231,35.377,32,67,10.219,10,256,39.44,45,9.136,50.5,10.0,0.231,2.431,2.2,10.0,20.88,18.0,20.0,42.0,2.0,47.6,2.88,10.0,27.749,26.0,32.0,61.0,0.0,52.5,1.749,5.0,14.65,19.0,15.0,36.0,41.7,-4.35,15.0,33.979,25.0,37.0,67.0,55.2,8.979,2.0,1.665,0.0,4.0,9.091000000000001,7.0,14.0,37.873,37.0,5.491
4401,Emiliano Martinez,Aston Villa,EPL,37,451,159,51,101,55.918,53.634,4.918,4.634,3,2,1,8,39,15.418,15,262,35.443,31,150,5.054,5,345,45.427,42,103,8.207,7,362,43.116,89,12.801,63.5,21.6,0.133,1.511,1.378,19.0,19.472,20.0,41.0,65.0,4.0,63.1,-0.528,18.0,36.446,31.0,60.0,94.0,4.0,63.8,5.446,14.0,26.192,26.0,46.0,75.0,61.3,0.192,23.0,29.726,25.0,55.0,84.0,65.5,4.726,18.0,20.847,12.0,9.0,10.882,13.0,10.0,24.189,26.0,6.275
4748,Brice Samba,Lens,Ligue_1,15,173,55,14,40,17.02,13.98,3.02,3.98,4,4,0,7,6,1.868,2,94,12.975,10,73,2.177,2,131,11.812000000000001,5,38,2.168,5,151,15.48,21,1.541,72.7,46.7,0.201,1.135,0.933,15.0,23.533,19.0,42.0,64.0,6.0,65.6,4.533,17.0,24.668,22.0,58.0,81.0,6.0,71.6,2.668,11.0,24.461,22.0,49.0,73.0,67.1,2.461,21.0,23.74,19.0,51.0,72.0,70.8,4.74,13.0,12.557,4.0,6.0,5.569,6.0,13.0,30.075,31.0,4.079
4748,Brice Samba,Rennes,Ligue_1,17,209,90,27,60,31.180999999999997,28.901,4.181,2.9010000000000002,3,1,2,5,16,5.793,5,136,23.262999999999998,18,57,2.124,4,149,24.423,20,57,4.477,6,173,26.087,36,5.095,66.7,29.4,0.246,1.834,1.588,15.0,23.533,19.0,42.0,64.0,6.0,65.6,4.533,17.0,24.668,22.0,58.0,81.0,6.0,71.6,2.668,11.0,24.461,22.0,49.0,73.0,67.1,2.461,21.0,23.74,19.0,51.0,72.0,70.8,4.74,13.0,12.557,4.0,6.0,5.569,6.0,13.0,30.075,31.0,4.079
4984,Wladimiro Falcone,Lecce,Serie_A,38,530,196,55,126,66.233,58.62,11.232999999999999,11.62,10,8,1,9,39,16.807,11,312,43.911,37,179,5.514,7,369,45.154,36,151,13.468,11,425,50.751,102,14.198,64.3,23.7,0.296,1.743,1.447,19.0,28.891,28.0,59.0,94.0,5.0,62.8,0.891,19.0,37.342,27.0,67.0,102.0,4.0,65.7,10.342,6.0,15.902,16.0,19.0,38.0,50.0,-0.098,32.0,50.331,39.0,107.0,158.0,67.7,11.331,8.0,12.568999999999999,2.0,10.0,10.314,6.0,20.0,43.35,47.0,4.185
5033,Iván Villar,Celta Vigo,La_Liga,4,58,20,7,11,8.722,7.978000000000001,1.722,0.978,1,0,1,0,7,2.854,3,34,5.312,4,17,0.5559999999999999,0,37,4.21,3,20,3.768,4,40,6.168,18,2.5530000000000004,55.0,0.0,0.43,2.18,1.75,2.0,3.117,2.0,4.0,7.0,0.0,57.1,1.117,2.0,5.605,5.0,7.0,13.0,0.0,53.8,0.605,1.0,4.809,3.0,6.0,10.0,60.0,1.809,3.0,3.9130000000000003,4.0,5.0,10.0,50.0,-0.087,2.0,3.117,2.0,,,,2.0,5.605,5.0,2.967
5057,Jasper Cillessen,Las Palmas,La_Liga,27,414,145,42,92,55.522,49.576,13.522,11.576,8,4,3,3,30,11.704,7,254,39.303,32,130,4.521,3,312,40.162,32,94,9.417,6,353,48.237,60,7.252,63.4,11.1,0.501,2.056,1.556,13.0,23.632,19.0,32.0,55.0,2.0,58.2,4.632,14.0,31.89,23.0,60.0,90.0,1.0,66.7,8.89,6.0,16.564,12.0,29.0,44.0,65.9,4.564,21.0,38.958,30.0,63.0,101.0,62.4,8.958,6.0,10.251,4.0,8.0,16.701999999999998,8.0,13.0,28.569,30.0,2.2
5061,Kepa,Bournemouth,EPL,31,379,143,39,95,42.85,39.805,3.8500000000000005,4.805000000000001,4,4,0,8,31,7.62,4,219,30.666999999999998,33,129,4.566,2,271,31.557,29,104,8.247,6,308,34.228,70,8.62,66.4,25.8,0.124,1.382,1.258,15.0,18.868,13.0,44.0,61.0,6.0,72.1,5.868,16.0,23.982,26.0,51.0,82.0,2.0,62.2,-2.018,8.0,11.34,10.0,27.0,39.0,69.2,1.34,23.0,31.51,29.0,68.0,104.0,65.4,2.51,13.0,15.724,9.0,7.0,7.809,8.0,11.0,19.317,22.0,7.212
5109,Rui Silva,Real Betis,La_Liga,15,159,61,17,37,20.805,18.575,3.805,4.575,3,3,0,4,14,5.965999999999999,3,95,13.419,14,50,1.42,0,120,15.028,9,36,3.548,5,130,18.283,29,2.522,60.7,26.7,0.254,1.387,1.133,7.0,6.032,6.0,13.0,22.0,3.0,59.1,0.032,8.0,14.773,11.0,24.0,39.0,1.0,61.5,3.773,2.0,2.9410000000000003,2.0,8.0,12.0,66.7,0.941,13.0,17.864,15.0,29.0,49.0,59.2,2.864,5.0,4.306,2.0,5.0,8.258000000000001,5.0,5.0,8.241,10.0,4.825
5185,Unai Simón,Athletic Club,La_Liga,21,188,64,14,48,23.613,22.126,9.613,9.126,2,1,1,10,16,6.413,3,105,15.225,10,67,1.971,1,141,17.513,9,45,4.6129999999999995,4,147,16.992,40,6.595,75.0,47.6,0.458,1.124,0.667,9.0,10.916,6.0,14.0,22.0,5.0,63.6,4.916,12.0,12.697000000000001,8.0,34.0,42.0,5.0,81.0,4.697,4.0,9.383,5.0,14.0,19.0,73.7,4.383,17.0,14.23,9.0,34.0,45.0,75.6,5.23,10.0,6.789,4.0,8.0,9.036,5.0,3.0,7.788,5.0,1.523
5191,Álvaro Fernández,Sevilla,La_Liga,8,85,40,16,20,11.669,10.183,-4.331,-3.8169999999999997,2,2,0,2,4,1.3410000000000002,1,55,9.47,9,26,0.859,6,71,9.589,13,12,0.595,1,73,9.395,12,2.276,50.0,25.0,-0.541,1.459,2.0,4.0,4.065,3.0,6.0,12.0,2.0,50.0,1.065,4.0,7.604,13.0,14.0,28.0,0.0,50.0,-5.396,3.0,6.511,12.0,11.0,24.0,45.8,-5.489,5.0,5.158,4.0,9.0,16.0,56.2,1.158,2.0,1.799,0.0,1.0,1.048,1.0,5.0,8.822,15.0,2.344
5241,Péter Gulácsi,RasenBallsport Leipzig,Bundesliga,30,438,155,39,102,58.902,56.628,19.902,19.628,3,2,1,14,38,15.339,12,277,39.707,21,123,3.855,6,315,46.099000000000004,31,120,10.528,6,338,45.374,97,12.872,65.8,46.7,0.663,1.963,1.3,15.0,26.314,19.0,45.0,73.0,6.0,61.6,7.314,15.0,32.588,20.0,57.0,82.0,8.0,69.5,12.588,7.0,24.46,16.0,38.0,60.0,63.3,8.46,23.0,34.442,23.0,64.0,95.0,67.4,11.442,12.0,19.89,8.0,11.0,17.911,8.0,7.0,21.101,23.0,1.915
5262,Alexander Schwolow,Union Berlin,Bundesliga,6,81,29,13,15,10.334999999999999,9.577,-2.665,-2.423,1,1,0,0,10,2.2680000000000002,2,47,7.235,11,24,0.833,0,61,8.404,12,19,1.173,0,65,8.39,16,1.948,51.7,0.0,-0.444,1.722,2.167,2.0,2.823,3.0,3.0,6.0,0.0,50.0,-0.177,4.0,7.512,10.0,12.0,23.0,0.0,52.2,-2.488,,,,,,,,6.0,10.334999999999999,13.0,15.0,29.0,51.7,-2.665,2.0,2.9829999999999997,2.0,,,,4.0,7.352,11.0,1.967
5285,Marius Müller,Wolfsburg,Bundesliga,5,65,22,4,17,8.025,8.025,4.025,4.025,0,0,0,1,10,3.716,1,39,3.878,3,16,0.432,0,43,3.402,2,22,4.621,2,49,4.597,16,3.428,77.3,20.0,0.805,1.605,0.8,3.0,4.694,2.0,8.0,10.0,1.0,80.0,2.694,2.0,3.331,2.0,9.0,12.0,0.0,75.0,1.331,2.0,3.164,1.0,4.0,5.0,80.0,2.164,3.0,4.861,3.0,13.0,17.0,76.5,1.861,2.0,3.331,2.0,3.0,4.694,2.0,,,,0.9
5288,Gregor Kobel,Borussia Dortmund,Bundesliga,32,358,134,46,83,45.682,42.65,-0.3180000000000004,0.6499999999999996,4,4,0,7,18,6.82,5,222,34.67,35,118,4.183,6,273,35.345,35,81,7.308,7,307,37.96,50,7.666,61.9,21.9,-0.01,1.428,1.438,16.0,17.52,17.0,28.0,46.0,5.0,60.9,0.52,16.0,28.162,29.0,55.0,88.0,2.0,62.5,-0.838,8.0,15.798,16.0,33.0,51.0,64.7,-0.202,24.0,29.884,30.0,50.0,83.0,60.2,-0.116,16.0,18.554,15.0,6.0,8.609,7.0,10.0,18.519,24.0,94.162
5328,Florian Müller,Freiburg,Bundesliga,8,94,30,15,14,10.833,9.318,-4.167,-3.682,2,2,0,1,8,2.258,2,54,7.669,10,32,0.906,3,66,7.439,8,26,1.879,5,78,8.642,14,1.544,46.7,12.5,-0.521,1.354,1.875,4.0,6.1160000000000005,9.0,8.0,17.0,0.0,47.1,-2.884,4.0,4.7170000000000005,6.0,6.0,13.0,1.0,46.2,-1.283,5.0,8.073,13.0,8.0,21.0,38.1,-4.927,3.0,2.76,2.0,6.0,9.0,66.7,0.76,4.0,3.134,3.0,1.0,0.228,2.0,3.0,7.471,10.0,1.627
5480,Matvey Safonov,Paris Saint Germain,Ligue_1,9,100,24,6,16,12.152000000000001,11.392,6.152,6.392,1,1,0,3,5,1.754,1,60,9.267,4,35,1.131,1,77,8.686,3,22,2.707,2,80,8.665,20,3.487,66.7,33.3,0.684,1.35,0.667,4.0,5.383,2.0,8.0,10.0,2.0,80.0,3.383,5.0,6.769,4.0,8.0,14.0,1.0,57.1,2.769,,,,,,,,9.0,12.152000000000001,6.0,16.0,24.0,66.7,6.152,7.0,9.971,4.0,1.0,0.76,1.0,1.0,1.421,1.0,1.03
5552,Nick Pope,Newcastle United,EPL,28,364,130,33,87,42.352000000000004,40.83,9.352,8.83,2,1,1,8,31,10.814,6,218,27.645,24,115,3.8930000000000002,3,281,32.528,26,81,8.299,6,309,35.357,54,6.997,66.9,28.6,0.334,1.513,1.179,14.0,19.903,13.0,43.0,59.0,5.0,72.9,6.903,14.0,22.448999999999998,20.0,44.0,71.0,3.0,62.0,2.449,10.0,16.589,11.0,27.0,42.0,64.3,5.589,18.0,25.762999999999998,22.0,60.0,88.0,68.2,3.763,13.0,16.458,7.0,6.0,9.906,7.0,9.0,15.988,19.0,2.918
5603,Aaron Ramsdale,Southampton,EPL,30,529,198,66,122,76.375,71.048,10.375,10.048,7,5,2,3,57,20.14,11,302,49.519,45,170,6.7139999999999995,10,394,55.167,47,128,15.874,14,449,63.959,76,11.491999999999999,61.6,10.0,0.346,2.546,2.2,14.0,35.083,30.0,58.0,96.0,2.0,60.4,5.083,16.0,41.292,36.0,64.0,102.0,1.0,62.7,5.292,10.0,26.18,22.0,44.0,69.0,63.8,4.18,20.0,50.195,44.0,78.0,129.0,60.5,6.195,2.0,3.7359999999999998,1.0,5.0,6.420999999999999,3.0,23.0,66.218,62.0,2.826
5610,Jean Butez,Como,Serie_A,18,186,72,19,45,24.91,23.387999999999998,5.91,6.388,2,2,0,5,19,7.189,3,101,15.004999999999999,15,66,2.715,1,137,19.974,15,47,3.414,2,154,19.947,30,4.255,62.5,27.8,0.328,1.384,1.056,9.0,11.494,10.0,20.0,33.0,2.0,60.6,1.494,9.0,13.416,9.0,25.0,39.0,3.0,64.1,4.416,3.0,4.266,6.0,6.0,13.0,46.2,-1.734,15.0,20.644,13.0,39.0,59.0,66.1,7.644,8.0,9.177,3.0,4.0,6.852,4.0,6.0,8.881,12.0,2.688
5690,Karl-Johan Johnsson,Strasbourg,Ligue_1,3,43,24,6,16,6.1530000000000005,5.393,0.15300000000000002,0.393,1,1,0,0,3,0.594,1,24,5.018,5,16,0.542,0,36,5.195,5,6,0.198,0,36,5.443,7,0.7110000000000001,66.7,0.0,0.051,2.051,2.0,1.0,1.407,1.0,4.0,6.0,0.0,66.7,0.407,2.0,4.746,5.0,12.0,18.0,0.0,66.7,-0.254,1.0,3.299,4.0,8.0,13.0,61.5,-0.701,2.0,2.854,2.0,8.0,11.0,72.7,0.854,1.0,1.407,1.0,1.0,1.447,1.0,1.0,3.299,4.0,12.776
5768,Remy Descamps,Lyon,Ligue_1,1,18,7,2,4,1.746,1.746,-0.254,-0.254,0,0,0,0,0,0.0,0,7,1.287,1,11,0.459,1,14,1.644,2,4,0.102,0,17,1.389,1,0.358,57.1,0.0,-0.254,1.746,2.0,,,,,,,,,1.0,1.746,2.0,4.0,7.0,0.0,57.1,-0.254,,,,,,,,1.0,1.746,2.0,4.0,7.0,57.1,-0.254,,,,,,,1.0,1.746,2.0,
6015,Kouakou Herve Koffi,Lens,Ligue_1,5,54,27,8,18,11.309000000000001,9.789,3.309,3.789,2,2,0,0,6,2.709,1,40,8.293,7,8,0.308,0,45,9.203,5,7,0.588,1,45,9.321,9,1.991,66.7,0.0,0.662,2.262,1.6,3.0,5.87,5.0,10.0,16.0,0.0,62.5,0.87,2.0,5.439,3.0,8.0,11.0,0.0,72.7,2.439,2.0,4.946,4.0,10.0,14.0,71.4,0.946,3.0,6.3629999999999995,4.0,8.0,13.0,61.5,2.363,1.0,2.066,1.0,,,,4.0,9.243,7.0,1.182
6054,Ederson,Manchester City,EPL,26,205,86,25,54,32.719,31.196,7.719,8.196000000000002,2,2,0,10,19,7.212,6,136,22.803,17,50,2.707,2,159,26.166,20,44,5.031,3,173,26.936,32,5.784,62.8,38.5,0.297,1.258,0.962,14.0,16.835,18.0,21.0,44.0,4.0,47.7,-1.165,12.0,15.884,7.0,33.0,42.0,6.0,78.6,8.884,9.0,11.015,11.0,19.0,32.0,59.4,0.015,17.0,21.704,14.0,35.0,54.0,64.8,7.704,16.0,16.486,9.0,4.0,4.009,3.0,6.0,12.224,13.0,2.604
6075,Antonio Sivera,Alaves,La_Liga,32,354,117,39,75,45.859,38.428,6.859,9.428,10,10,0,9,21,6.079,4,219,35.723,31,114,4.06,4,245,29.265,23,99,9.165,6,265,35.662,88,10.031,64.1,28.1,0.214,1.433,1.219,16.0,18.255,14.0,39.0,53.0,7.0,73.6,4.255,16.0,27.604,25.0,36.0,64.0,2.0,56.2,2.604,6.0,10.822,11.0,17.0,28.0,60.7,-0.178,26.0,35.037,28.0,58.0,89.0,65.2,7.037,9.0,9.145999999999999,2.0,10.0,15.033,12.0,13.0,21.68,25.0,5.092
6078,Leandro Chichizola,Parma Calcio 1913,Serie_A,1,18,7,3,3,3.402,3.402,0.402,0.402,0,0,0,0,3,1.635,1,10,1.631,2,5,0.136,0,17,3.364,3,1,0.038,0,16,2.764,2,0.638,42.9,0.0,0.402,3.402,3.0,1.0,3.402,3.0,3.0,7.0,0.0,42.9,0.402,,,,,,,,,,,,,,,,1.0,3.402,3.0,3.0,7.0,42.9,0.402,,,,,,,1.0,3.402,3.0,
6132,Marco Silvestri,Empoli,Serie_A,5,64,30,10,17,9.475,9.475,-0.5249999999999999,-0.5249999999999999,0,0,0,0,7,3.5170000000000003,4,35,5.2010000000000005,3,22,0.757,3,41,7.086,7,23,2.389,3,49,7.538,15,1.9369999999999998,56.7,0.0,-0.105,1.895,2.0,2.0,5.5760000000000005,5.0,10.0,17.0,0.0,58.8,0.576,3.0,3.899,5.0,7.0,13.0,0.0,53.8,-1.101,1.0,2.577,4.0,4.0,8.0,50.0,-1.423,4.0,6.898,6.0,13.0,22.0,59.1,0.898,,,,1.0,0.23,1.0,4.0,9.245,9.0,12.279
6167,Vanja Milinkovic-Savic,Torino,Serie_A,37,519,183,40,133,55.531,50.201,15.531,13.201,7,3,4,10,40,13.827,10,289,35.8,23,190,5.9,7,381,38.943,27,131,11.255,10,410,40.338,108,15.19,72.7,27.0,0.42,1.501,1.081,18.0,26.1,15.0,73.0,96.0,6.0,76.0,11.1,19.0,29.431,25.0,60.0,87.0,4.0,69.0,4.431,6.0,17.147,10.0,37.0,50.0,74.0,7.147,31.0,38.384,30.0,96.0,133.0,72.2,8.384,10.0,13.072,4.0,14.0,18.973,14.0,13.0,23.486,22.0,2.057
6224,Marko Dmitrovic,Leganes,La_Liga,32,496,156,47,102,58.339,52.392,11.339,12.392,8,7,0,10,41,15.611,12,275,36.715,29,180,6.0120000000000005,6,363,41.626,26,125,10.766,14,409,48.493,85,9.684000000000001,65.4,31.2,0.354,1.823,1.469,16.0,27.8,22.0,46.0,74.0,6.0,62.2,5.8,16.0,30.539,25.0,56.0,82.0,4.0,68.3,5.539,8.0,24.819,17.0,33.0,55.0,60.0,7.819,24.0,33.52,30.0,69.0,101.0,68.3,3.52,8.0,10.005,2.0,11.0,15.438,11.0,13.0,32.896,34.0,3.39
6257,Juan Soriano,Leganes,La_Liga,6,75,29,6,19,8.337,8.337,2.3369999999999997,2.3369999999999997,0,0,0,1,6,2.981,2,52,4.825,4,17,0.534,0,55,6.6579999999999995,5,20,1.68,1,52,5.324,23,3.013,65.5,16.7,0.389,1.39,1.0,3.0,4.0489999999999995,4.0,8.0,15.0,0.0,53.3,0.049,3.0,4.288,2.0,11.0,14.0,1.0,78.6,2.288,,,,,,,,6.0,8.337,6.0,19.0,29.0,65.5,2.337,1.0,1.238,1.0,2.0,2.551,0.0,3.0,4.548,5.0,2.191
6290,Alexander Meyer,Borussia Dortmund,Bundesliga,2,19,11,4,7,3.4259999999999997,3.4259999999999997,-0.5740000000000001,-0.5740000000000001,0,0,0,0,4,1.538,2,10,1.8,2,5,0.089,0,14,2.4789999999999996,4,5,0.9470000000000001,0,15,1.9209999999999998,4,1.505,63.6,0.0,-0.287,1.713,2.0,1.0,0.239,1.0,1.0,2.0,0.0,50.0,-0.761,1.0,3.187,3.0,6.0,9.0,0.0,66.7,0.187,,,,,,,,2.0,3.4259999999999997,4.0,7.0,11.0,63.6,-0.574,1.0,0.239,1.0,,,,1.0,3.187,3.0,2.336
6321,Moritz Nicolas,Borussia M.Gladbach,Bundesliga,19,289,96,24,69,36.527,31.981,12.527,13.981,6,6,0,4,22,9.118,3,180,24.445,20,87,2.96,1,226,26.61,17,57,5.37,1,225,28.912,63,7.324,71.9,21.1,0.659,1.922,1.263,9.0,14.951,7.0,36.0,45.0,3.0,80.0,7.951,10.0,21.576,17.0,33.0,51.0,1.0,64.7,4.576,6.0,14.762,8.0,24.0,33.0,72.7,6.762,13.0,21.765,16.0,45.0,63.0,71.4,5.765,9.0,12.526,6.0,4.0,6.492,2.0,6.0,17.509,16.0,1.821
6507,Semuel Pizzignacco,Monza,Serie_A,8,129,39,16,20,15.696,15.696,-0.30400000000000005,-0.30400000000000005,0,0,0,1,8,3.62,2,72,10.334,13,49,1.741,1,99,12.508,13,30,3.187,3,104,10.748,23,4.239,51.3,12.5,-0.038,1.962,2.0,4.0,7.236000000000001,8.0,6.0,15.0,0.0,40.0,-0.764,4.0,8.459999999999999,8.0,14.0,24.0,1.0,58.3,0.46,2.0,5.1160000000000005,6.0,5.0,13.0,38.5,-0.884,6.0,10.58,10.0,15.0,26.0,57.7,0.58,1.0,1.458,1.0,2.0,2.059,1.0,5.0,12.179,14.0,13.944
6532,Martin Dubravka,Newcastle United,EPL,10,111,44,12,29,12.264,12.264,0.26400000000000023,0.26400000000000023,0,0,0,5,10,1.919,2,66,9.002,8,35,1.344,2,87,9.587,10,24,2.678,2,89,10.269,22,1.995,65.9,50.0,0.026,1.226,1.2,5.0,6.2330000000000005,6.0,17.0,24.0,3.0,70.8,0.233,5.0,6.031000000000001,6.0,12.0,20.0,2.0,60.0,0.031,2.0,4.855,8.0,9.0,17.0,52.9,-3.145,8.0,7.409,4.0,20.0,27.0,74.1,3.409,7.0,5.8,2.0,,,,3.0,6.464,10.0,39.354
6596,Finn Dahmen,Augsburg,Bundesliga,19,247,91,17,65,31.423,29.907,14.423,14.907,2,2,0,9,35,12.785,6,139,15.999,10,73,2.638,1,181,23.629,10,64,6.2780000000000005,5,198,23.059,49,8.361,71.4,47.4,0.759,1.654,0.895,9.0,13.789,9.0,29.0,41.0,4.0,70.7,4.789,10.0,17.634,8.0,36.0,50.0,5.0,72.0,9.634,6.0,14.272,9.0,24.0,36.0,66.7,5.272,13.0,17.151,8.0,41.0,55.0,74.5,9.151,7.0,7.224,2.0,6.0,9.089,1.0,6.0,15.11,14.0,1.257
6643,Francisco Vieites,Real Betis,La_Liga,4,48,11,5,6,5.684,5.684,0.6839999999999999,0.6839999999999999,0,0,0,0,9,2.788,2,26,2.589,2,13,0.306,1,38,4.834,5,10,0.8510000000000001,0,35,4.067,13,1.6170000000000002,54.5,0.0,0.171,1.421,1.25,2.0,2.4219999999999997,3.0,4.0,7.0,0.0,57.1,-0.578,2.0,3.262,2.0,2.0,4.0,0.0,50.0,1.262,2.0,3.179,3.0,3.0,6.0,50.0,0.179,2.0,2.505,2.0,3.0,5.0,60.0,0.505,1.0,1.638,1.0,2.0,2.4219999999999997,3.0,1.0,1.624,1.0,3.211
6709,Yehvann Diouf,Reims,Ligue_1,34,502,186,47,132,64.453,60.652,17.453,17.652,5,4,1,7,48,20.441,13,290,38.309,29,164,5.702,5,385,49.601,32,112,11.054,11,420,54.157,81,9.347,71.0,20.6,0.513,1.896,1.382,17.0,29.072,25.0,60.0,88.0,2.0,68.2,4.072,17.0,35.381,22.0,72.0,98.0,5.0,73.5,13.381,10.0,23.043,18.0,48.0,67.0,71.6,5.043,24.0,41.41,29.0,84.0,119.0,70.6,12.41,8.0,11.547,6.0,9.0,13.638,6.0,17.0,39.268,35.0,1.83
6849,Rui Patrício,Atalanta,Serie_A,3,35,14,3,11,3.915,3.915,0.9149999999999999,0.9149999999999999,0,0,0,1,3,1.503,1,18,2.0090000000000003,2,14,0.402,0,22,1.845,2,13,2.07,1,27,2.64,8,1.274,78.6,33.3,0.305,1.305,1.0,1.0,0.63,1.0,2.0,3.0,0.0,66.7,-0.37,2.0,3.285,2.0,9.0,11.0,1.0,81.8,1.285,,,,,,,,3.0,3.915,3.0,11.0,14.0,78.6,0.915,2.0,3.285,2.0,1.0,0.63,1.0,,,,4.381
6903,Matz Sels,Nottingham Forest,EPL,38,532,172,46,119,56.76,54.477000000000004,10.76,11.477,3,3,0,13,57,18.664,13,299,32.36,27,176,5.737,6,389,41.884,35,140,12.594,8,425,42.549,106,13.943,69.2,34.2,0.283,1.494,1.211,19.0,23.425,16.0,53.0,73.0,8.0,72.6,7.425,19.0,33.335,30.0,66.0,99.0,5.0,66.7,3.335,14.0,27.974,23.0,49.0,78.0,62.8,4.974,24.0,28.786,23.0,70.0,94.0,74.5,5.786,19.0,18.502,10.0,8.0,14.517,9.0,11.0,23.741,27.0,3.377
6962,Robin Olsen,Aston Villa,EPL,1,13,4,0,3,0.651,0.651,0.651,0.651,0,0,0,1,1,0.084,0,6,0.357,0,6,0.21,0,10,0.559,0,3,0.092,0,12,0.636,1,0.015,75.0,100.0,0.651,0.651,0.0,,,,,,,,,1.0,0.651,0.0,3.0,4.0,1.0,75.0,0.651,,,,,,,,1.0,0.651,0.0,3.0,4.0,75.0,0.651,1.0,0.651,0.0,,,,,,,
6977,Pietro Terracciano,Fiorentina,Serie_A,3,26,13,3,10,3.365,3.365,0.365,0.365,0,0,0,1,1,0.511,0,17,2.606,2,8,0.247,1,20,2.896,3,6,0.46799999999999997,0,24,3.338,2,0.027,76.9,33.3,0.122,1.122,1.0,2.0,1.503,2.0,5.0,7.0,1.0,71.4,-0.497,1.0,1.862,1.0,5.0,6.0,0.0,83.3,0.862,,,,,,,,3.0,3.365,3.0,10.0,13.0,76.9,0.365,,,,3.0,3.365,3.0,,,,11.631
6982,Ivan Provedel,Lazio,Serie_A,29,308,98,40,51,37.091,34.047,-2.9089999999999994,-1.9529999999999994,4,4,0,5,24,10.774000000000001,9,175,22.979,28,109,3.339,3,221,26.383,32,83,7.6659999999999995,4,244,28.677,64,8.417,52.0,17.2,-0.1,1.279,1.379,15.0,16.614,20.0,19.0,43.0,2.0,44.2,-3.386,14.0,20.477,20.0,32.0,55.0,3.0,58.2,0.477,4.0,8.454,10.0,8.0,20.0,40.0,-1.546,25.0,28.637,30.0,43.0,78.0,55.1,-1.363,15.0,13.31,11.0,6.0,9.344,7.0,8.0,14.437000000000001,22.0,12.179
7027,Arijanet Muric,Ipswich,EPL,18,265,107,32,68,41.42,39.136,9.42,10.136,3,3,0,1,28,11.926,8,156,26.125,21,81,3.367,3,207,34.458,27,55,4.675,2,226,34.714,38,6.705,63.6,5.6,0.523,2.301,1.778,9.0,17.642,16.0,28.0,46.0,0.0,60.9,1.642,9.0,23.778,16.0,40.0,61.0,1.0,65.6,7.778,5.0,14.114,12.0,14.0,30.0,46.7,2.114,13.0,27.306,20.0,54.0,77.0,70.1,7.306,2.0,3.0069999999999997,2.0,6.0,11.025,6.0,10.0,27.387999999999998,24.0,1.895
7047,Mark Flekken,Brentford,EPL,37,636,214,53,152,60.429,59.668,7.429,7.668,1,1,0,8,39,12.366,5,371,41.186,43,226,6.878,5,506,50.028,50,129,9.641,2,535,48.664,98,11.154,71.0,21.6,0.201,1.633,1.432,18.0,29.557,32.0,57.0,94.0,1.0,60.6,-2.443,19.0,30.872,21.0,95.0,120.0,7.0,79.2,9.872,14.0,29.241,21.0,56.0,82.0,68.3,8.241,23.0,31.188,32.0,96.0,132.0,72.7,-0.812,16.0,19.201,18.0,8.0,11.306000000000001,6.0,13.0,29.922,29.0,5.023
7048,Frederik Rönnow,Union Berlin,Bundesliga,28,334,118,36,74,42.615,38.825,6.614999999999999,3.825,5,1,4,8,27,10.966999999999999,8,193,28.249,25,114,3.4010000000000002,3,245,31.265,31,84,7.563,4,271,35.483000000000004,60,6.441,62.7,28.6,0.236,1.522,1.286,15.0,20.063,19.0,37.0,60.0,4.0,61.7,1.063,13.0,22.552,17.0,37.0,58.0,4.0,63.8,5.552,10.0,19.051000000000002,21.0,27.0,50.0,54.0,-1.949,18.0,23.564,15.0,47.0,68.0,69.1,8.564,8.0,8.385,4.0,11.0,16.367,11.0,9.0,17.863,21.0,4.632
7087,Elia Caprile,Cagliari,Serie_A,18,213,70,22,44,25.059,24.298,3.059,3.298,1,1,0,5,15,5.832,4,123,16.345,17,75,2.88,1,153,18.155,17,59,6.14,4,173,20.419,37,3.646,62.9,27.8,0.17,1.392,1.222,11.0,12.425,11.0,21.0,34.0,3.0,61.8,1.425,10.0,14.575,12.0,29.0,44.0,4.0,65.9,2.575,3.0,4.821999999999999,4.0,13.0,18.0,72.2,0.822,18.0,22.178,19.0,37.0,60.0,61.7,3.178,8.0,5.486,3.0,4.0,4.9239999999999995,2.0,9.0,16.59,18.0,4.081
7087,Elia Caprile,Napoli,Serie_A,3,27,8,1,6,1.9409999999999998,1.9409999999999998,0.9409999999999998,0.9409999999999998,0,0,0,2,0,0.0,0,10,1.4009999999999998,0,17,0.54,1,21,1.653,1,6,0.28800000000000003,0,26,1.8499999999999999,1,0.091,75.0,66.7,0.314,0.647,0.333,11.0,12.425,11.0,21.0,34.0,3.0,61.8,1.425,10.0,14.575,12.0,29.0,44.0,4.0,65.9,2.575,3.0,4.821999999999999,4.0,13.0,18.0,72.2,0.822,18.0,22.178,19.0,37.0,60.0,61.7,3.178,8.0,5.486,3.0,4.0,4.9239999999999995,2.0,9.0,16.59,18.0,4.081
7095,Juan Musso,Atalanta,Serie_A,1,21,4,0,4,1.884,1.884,1.884,1.884,0,0,0,1,4,1.023,0,10,0.743,0,7,0.118,0,16,1.356,0,5,0.528,0,14,1.126,7,0.758,100.0,100.0,1.884,1.884,0.0,,,,,,,,,3.0,2.187,0.0,6.0,6.0,3.0,100.0,2.187,,,,,,,,3.0,2.187,0.0,6.0,6.0,100.0,2.187,3.0,2.187,0.0,,,,,,,1.379
7095,Juan Musso,Atletico Madrid,La_Liga,2,10,2,0,2,0.303,0.303,0.303,0.303,0,0,0,2,0,0.0,0,3,0.14,0,7,0.16399999999999998,0,9,0.272,0,1,0.031,0,9,0.272,1,0.031,100.0,100.0,0.152,0.152,0.0,,,,,,,,,3.0,2.187,0.0,6.0,6.0,3.0,100.0,2.187,,,,,,,,3.0,2.187,0.0,6.0,6.0,100.0,2.187,3.0,2.187,0.0,,,,,,,1.379
7194,Andriy Lunin,Real Madrid,La_Liga,7,74,22,7,13,9.725999999999999,9.725999999999999,2.726,2.726,0,0,0,4,5,2.4410000000000003,1,38,6.2250000000000005,4,31,1.061,2,59,8.339,7,15,1.3860000000000001,0,64,7.892,10,1.835,59.1,57.1,0.389,1.389,1.0,6.0,9.241,7.0,12.0,21.0,3.0,57.1,2.241,1.0,0.485,0.0,1.0,1.0,1.0,100.0,0.485,2.0,3.9779999999999998,4.0,4.0,10.0,40.0,-0.022,5.0,5.747999999999999,3.0,9.0,12.0,75.0,2.748,6.0,7.21,3.0,,,,1.0,2.516,4.0,2.48
7235,Jason Steele,Brighton,EPL,2,20,4,1,3,1.6920000000000002,1.6920000000000002,0.692,0.692,0,0,0,1,1,0.52,0,13,1.044,1,6,0.127,0,17,1.6019999999999999,1,3,0.09,0,16,1.4889999999999999,4,0.203,75.0,50.0,0.346,0.846,0.5,1.0,1.286,1.0,2.0,3.0,0.0,66.7,0.286,1.0,0.406,0.0,1.0,1.0,1.0,100.0,0.406,,,,,,,,2.0,1.6920000000000002,1.0,3.0,4.0,75.0,0.692,2.0,1.6920000000000002,1.0,,,,,,,0.245
7287,Iñaki Peña,Barcelona,La_Liga,15,138,52,18,34,19.394,17.906,1.3940000000000001,1.906,2,2,0,4,8,3.299,4,88,14.864,12,42,1.232,2,107,14.542,15,29,3.363,1,121,16.23,17,3.164,65.4,26.7,0.093,1.293,1.2,6.0,4.399,7.0,9.0,16.0,1.0,56.2,-2.601,9.0,14.995,11.0,25.0,36.0,3.0,69.4,3.995,2.0,2.118,2.0,6.0,8.0,75.0,0.118,13.0,17.276,16.0,28.0,44.0,63.6,1.276,7.0,6.1930000000000005,3.0,3.0,6.731999999999999,5.0,5.0,6.468999999999999,10.0,9.976
7582,Mark Travers,Bournemouth,EPL,5,82,27,5,20,8.931,8.931,3.931,3.931,0,0,0,1,12,3.85,1,43,4.104,3,27,0.9750000000000001,1,58,5.473,3,24,3.458,2,66,6.497,16,2.4330000000000003,74.1,20.0,0.786,1.786,1.0,3.0,4.141,2.0,5.0,8.0,1.0,62.5,2.141,2.0,4.79,3.0,15.0,19.0,0.0,78.9,1.79,3.0,6.395999999999999,4.0,13.0,19.0,68.4,2.396,2.0,2.535,1.0,7.0,8.0,87.5,1.535,2.0,3.2079999999999997,1.0,2.0,4.79,3.0,1.0,0.933,1.0,0.793
7702,Dean Henderson,Crystal Palace,EPL,38,486,164,48,102,61.291,59.768,13.291,12.768,2,1,1,11,60,17.837,10,274,38.876,33,152,4.584,5,345,45.399,37,139,14.375,10,383,48.991,101,11.765,62.2,28.9,0.35,1.613,1.263,19.0,28.628,25.0,53.0,86.0,4.0,61.6,3.628,19.0,32.663,23.0,49.0,78.0,7.0,62.8,9.663,12.0,25.572,22.0,29.0,56.0,51.8,3.572,26.0,35.719,26.0,73.0,108.0,67.6,9.719,13.0,14.387,5.0,14.0,22.367,15.0,11.0,24.537,28.0,2.755
7728,Gautier Larsonneur,Saint-Etienne,Ligue_1,34,553,223,75,134,87.239,75.837,12.238999999999999,13.837,15,13,2,5,54,22.625,15,346,59.136,52,153,5.48,8,399,58.856,52,139,16.982,10,464,75.06,88,12.139,60.1,14.7,0.36,2.566,2.206,17.0,37.405,32.0,56.0,94.0,3.0,59.6,5.405,17.0,49.834,43.0,78.0,129.0,2.0,60.5,6.834,10.0,34.47,30.0,54.0,89.0,60.7,4.47,24.0,52.769,45.0,80.0,134.0,59.7,7.769,8.0,9.21,3.0,6.0,12.616,11.0,20.0,65.413,61.0,3.606
7735,Donovan Léon,Auxerre,Ligue_1,32,431,176,45,119,59.641,55.08,14.641,15.08,6,5,1,9,43,12.675,13,262,42.279,29,126,4.6899999999999995,3,307,43.322,29,118,11.759,11,341,46.509,88,12.576,67.6,28.1,0.458,1.864,1.406,16.0,23.981,16.0,53.0,73.0,6.0,72.6,7.981,16.0,35.660000000000004,29.0,66.0,103.0,3.0,64.1,6.66,10.0,23.912,18.0,47.0,70.0,67.1,5.912,22.0,35.729,27.0,72.0,106.0,67.9,8.729,11.0,13.524000000000001,3.0,8.0,14.815,11.0,13.0,31.302,31.0,2.139
7772,Marcin Bulka,Nice,Ligue_1,34,461,169,41,120,45.127,42.847,4.127000000000001,3.8469999999999995,3,2,1,8,30,10.32,9,250,29.305,25,181,5.504,7,337,33.85,33,121,9.001,6,389,37.602000000000004,70,7.3309999999999995,71.0,23.5,0.121,1.327,1.206,17.0,15.875,15.0,47.0,67.0,6.0,70.1,0.875,17.0,29.252,26.0,73.0,102.0,2.0,71.6,3.252,8.0,14.469,13.0,43.0,59.0,72.9,1.469,26.0,30.658,28.0,77.0,110.0,70.0,2.658,17.0,18.974,12.0,9.0,11.574,11.0,8.0,14.579,18.0,8.229
7859,Sergio Herrera,Osasuna,La_Liga,37,459,185,51,131,58.301,53.098,7.301,9.098,7,7,0,8,41,19.082,15,248,33.872,29,170,5.354,7,336,43.849,38,116,9.252,6,384,47.55,74,10.43,70.8,21.6,0.197,1.576,1.378,19.0,26.064,22.0,67.0,90.0,5.0,74.4,4.064,18.0,32.237,29.0,64.0,95.0,3.0,67.4,3.237,8.0,20.124,17.0,29.0,49.0,59.2,3.124,29.0,38.177,34.0,102.0,136.0,75.0,4.177,12.0,13.319,8.0,15.0,20.712,17.0,10.0,24.27,26.0,5.074
7904,Caoimhin Kelleher,Liverpool,EPL,10,114,41,12,25,13.411,12.65,1.4109999999999998,0.6499999999999997,1,0,1,4,11,2.229,1,64,9.653,10,39,1.53,1,82,7.9990000000000006,8,31,4.651,4,99,11.31,15,2.101,61.0,40.0,0.141,1.341,1.2,6.0,7.075,2.0,15.0,20.0,4.0,75.0,5.075,4.0,6.336,10.0,10.0,21.0,0.0,47.6,-3.664,5.0,6.182,6.0,13.0,22.0,59.1,0.182,5.0,7.229,6.0,12.0,19.0,63.2,1.229,7.0,9.05,4.0,2.0,2.609,5.0,1.0,1.752,3.0,7.73
7955,Jesse Joronen,Venezia,Serie_A,7,102,36,10,25,11.497,9.213,1.4970000000000003,2.213,3,3,0,2,12,1.3559999999999999,1,52,8.799,8,38,1.341,1,74,6.244,4,25,2.968,3,76,7.596,24,3.566,69.4,28.6,0.214,1.642,1.429,2.0,2.198,1.0,4.0,5.0,1.0,80.0,1.198,5.0,9.299,9.0,21.0,31.0,1.0,67.7,0.299,1.0,2.189,4.0,4.0,8.0,50.0,-1.811,6.0,9.308,6.0,21.0,28.0,75.0,3.308,1.0,0.389,0.0,1.0,0.666,0.0,5.0,10.442,10.0,4.505
8093,Brandon Austin,Tottenham,EPL,1,14,4,2,2,2.481,2.481,0.481,0.481,0,0,0,0,1,0.658,1,10,1.717,1,3,0.107,0,9,2.299,2,5,0.182,0,12,2.407,2,0.075,50.0,0.0,0.481,2.481,2.0,1.0,2.481,2.0,2.0,4.0,0.0,50.0,0.481,,,,,,,,,1.0,2.481,2.0,2.0,4.0,50.0,0.481,,,,,,,,,,,,,,1.0,2.481,2.0,
8101,Stefano Turati,Monza,Serie_A,30,440,155,50,97,50.786,47.742,0.7859999999999996,-0.25800000000000045,4,2,2,2,43,13.093,15,265,33.175,27,132,4.517,8,321,37.192,37,115,10.552,11,334,36.08,105,14.629,62.6,6.7,0.026,1.693,1.667,15.0,22.603,21.0,54.0,79.0,1.0,68.4,1.603,15.0,28.183,29.0,43.0,76.0,1.0,56.6,-0.817,4.0,9.791,6.0,17.0,24.0,70.8,3.791,26.0,40.995,44.0,80.0,131.0,61.1,-3.005,2.0,2.421,1.0,7.0,9.286,8.0,21.0,39.079,41.0,35.174
8108,Daniel Cárdenas,Rayo Vallecano,La_Liga,6,90,21,6,14,9.716,9.716,3.716,3.716,0,0,0,2,7,1.4949999999999999,0,48,7.098,6,35,1.121,0,71,7.702,6,19,2.013,0,71,7.317,19,2.399,66.7,33.3,0.619,1.619,1.0,3.0,5.776,3.0,10.0,14.0,1.0,71.4,2.776,3.0,3.94,3.0,4.0,7.0,1.0,57.1,0.94,1.0,1.519,2.0,3.0,6.0,50.0,-0.481,5.0,8.197,4.0,11.0,15.0,73.3,4.197,3.0,5.837,2.0,1.0,0.513,0.0,2.0,3.3659999999999997,4.0,1.649
8308,Filip Stankovic,Venezia,Serie_A,16,246,88,25,63,30.506999999999998,26.701,5.507,5.7010000000000005,5,4,1,0,19,7.566,7,141,20.19,16,86,2.754,2,180,21.217,18,61,5.4879999999999995,3,211,26.547,34,3.919,71.6,0.0,0.344,1.907,1.562,9.0,14.767,12.0,32.0,44.0,0.0,72.7,2.767,7.0,15.74,13.0,31.0,44.0,0.0,70.5,2.74,3.0,7.5760000000000005,4.0,17.0,21.0,81.0,3.576,13.0,22.931,21.0,46.0,67.0,68.7,1.931,2.0,4.007,3.0,6.0,9.645,8.0,8.0,16.855,14.0,3.571
8321,Razvan Sava,Udinese,Serie_A,12,172,53,14,37,18.073,15.788,4.0729999999999995,4.788,3,3,0,4,20,5.693,4,96,10.654,9,56,1.722,1,114,11.386000000000001,6,55,4.404,5,139,14.456,33,3.619,69.8,33.3,0.339,1.506,1.167,6.0,9.43,8.0,20.0,28.0,2.0,71.4,1.43,6.0,8.643,6.0,17.0,25.0,2.0,68.0,2.643,1.0,0.233,0.0,2.0,2.0,100.0,0.233,11.0,17.84,14.0,35.0,51.0,68.6,3.84,5.0,7.896,4.0,4.0,3.677,3.0,3.0,6.5,7.0,3.14
8326,Maduka Okoye,Udinese,Serie_A,25,322,115,37,73,41.377,37.57,4.377,4.569999999999999,5,4,0,4,33,10.876,8,197,27.387,25,92,3.116,4,249,32.01,27,68,5.558,6,260,32.805,60,6.72,63.5,16.0,0.175,1.655,1.48,12.0,18.874000000000002,16.0,33.0,53.0,4.0,62.3,2.874,13.0,22.503,21.0,40.0,62.0,0.0,64.5,1.503,5.0,10.266,11.0,13.0,25.0,52.0,-0.734,20.0,31.111,26.0,60.0,90.0,66.7,5.111,6.0,6.003,4.0,4.0,6.026,3.0,15.0,29.348,30.0,5.227
8548,Arnau Tenas,Paris Saint Germain,Ligue_1,1,9,4,1,3,0.594,0.594,-0.406,-0.406,0,0,0,0,0,0.0,0,6,0.542,1,3,0.052,0,8,0.578,1,1,0.017,0,9,0.594,0,0.0,75.0,0.0,-0.406,0.594,1.0,,,,,,,,,1.0,0.594,1.0,3.0,4.0,0.0,75.0,-0.406,,,,,,,,1.0,0.594,1.0,3.0,4.0,75.0,-0.406,1.0,0.594,1.0,,,,,,,
8638,Lucas Chevalier,Lille,Ligue_1,34,337,138,35,91,46.478,43.438,11.478,12.437999999999999,4,4,0,11,38,14.068999999999999,10,205,28.612,24,94,3.799,1,255,35.033,23,78,8.407,8,275,38.184,62,8.294,65.9,32.4,0.338,1.367,1.029,17.0,24.818,17.0,40.0,60.0,4.0,66.7,7.818,17.0,21.66,18.0,51.0,78.0,7.0,65.4,3.66,10.0,21.727,16.0,33.0,52.0,63.5,5.727,24.0,24.751,19.0,58.0,86.0,67.4,5.751,17.0,15.985,7.0,9.0,13.815999999999999,11.0,8.0,16.677,17.0,1.915
8641,Radoslaw Majecki,Monaco,Ligue_1,15,148,67,22,43,20.21,18.69,-1.79,-1.31,2,2,0,3,10,4.675,5,85,13.747,14,53,1.789,3,118,14.961,17,28,3.728,3,131,17.205000000000002,17,3.007,64.2,20.0,-0.119,1.347,1.467,8.0,7.890000000000001,8.0,22.0,32.0,3.0,68.8,-0.11,7.0,12.32,14.0,21.0,35.0,0.0,60.0,-1.68,3.0,6.59,8.0,12.0,20.0,60.0,-1.41,12.0,13.620000000000001,14.0,31.0,47.0,66.0,-0.38,7.0,7.997,8.0,2.0,1.418,1.0,6.0,10.795,13.0,4.185
8678,Jonas Omlin,Borussia M.Gladbach,Bundesliga,11,211,81,28,47,25.285,23.769000000000002,-2.715,-3.231,2,1,1,1,18,5.646,8,105,16.762,15,88,2.876,5,164,18.565,17,45,5.202,10,182,21.084,28,4.083,58.0,9.1,-0.247,2.299,2.545,6.0,14.09,17.0,26.0,47.0,0.0,55.3,-2.91,5.0,11.195,11.0,21.0,34.0,1.0,61.8,0.195,4.0,10.598,11.0,21.0,35.0,60.0,-0.402,7.0,14.687000000000001,17.0,26.0,46.0,56.5,-2.313,2.0,4.064,2.0,1.0,1.963,4.0,8.0,19.258,22.0,4.704
8786,Stefan Ortega Moreno,Manchester City,EPL,12,150,55,17,32,20.526,19.003,3.526,4.003,2,2,0,3,17,5.561,3,98,13.624,11,35,1.343,3,115,15.133000000000001,13,33,3.8720000000000003,2,123,17.5,27,3.027,58.2,25.0,0.294,1.71,1.417,5.0,6.9590000000000005,4.0,12.0,17.0,1.0,70.6,2.959,7.0,13.567,13.0,20.0,38.0,2.0,52.6,0.567,3.0,6.448,9.0,8.0,18.0,44.4,-2.552,9.0,14.078000000000001,8.0,24.0,37.0,64.9,6.078,5.0,6.859999999999999,2.0,4.0,6.373000000000001,6.0,3.0,7.293,9.0,4.786
8858,Guglielmo Vicario,Tottenham,EPL,24,305,110,35,67,36.527,35.766,1.5269999999999997,1.7659999999999996,1,1,0,4,29,9.628,12,190,24.214,20,86,2.687,3,206,27.154,26,98,8.613999999999999,8,247,30.515,58,6.01,60.9,16.7,0.064,1.522,1.458,12.0,18.797,16.0,36.0,56.0,2.0,64.3,2.797,12.0,17.73,19.0,31.0,54.0,2.0,57.4,-1.27,8.0,14.3,12.0,30.0,45.0,66.7,2.3,16.0,22.227,23.0,37.0,65.0,56.9,-0.773,9.0,11.079,5.0,3.0,4.426,4.0,12.0,21.022,26.0,14.561
8871,Marco Carnesecchi,Atalanta,Serie_A,34,350,138,32,97,37.449,35.927,5.449,5.927,2,2,0,13,23,7.952,6,185,25.277,22,142,4.226,4,269,28.101,26,79,7.827,4,297,30.575,53,6.877,70.3,38.2,0.16,1.101,0.941,18.0,18.915,22.0,49.0,75.0,4.0,65.3,-3.085,16.0,18.534,10.0,48.0,63.0,9.0,76.2,8.534,4.0,5.966,6.0,5.0,12.0,41.7,-0.034,30.0,31.483,26.0,92.0,126.0,73.0,5.483,19.0,15.794,11.0,7.0,7.073,4.0,8.0,14.582,17.0,5.38
8881,Lorenzo Montipò,Verona,Serie_A,36,479,174,63,99,58.497,55.451,-4.503,-5.549,4,2,1,8,37,15.152,13,241,37.009,42,201,6.335,8,358,43.962,52,117,11.486,9,398,49.383,76,7.804,56.9,22.2,-0.125,1.625,1.75,19.0,27.392,36.0,44.0,87.0,5.0,50.6,-8.608,17.0,31.105,27.0,55.0,87.0,3.0,63.2,4.105,6.0,13.669,19.0,16.0,39.0,41.0,-5.331,30.0,44.828,44.0,83.0,135.0,61.5,0.828,9.0,13.174,7.0,7.0,5.339,4.0,20.0,39.984,52.0,8.868
9044,Alberto Paleari,Torino,Serie_A,1,13,7,3,4,2.293,2.293,-0.707,-0.707,0,0,0,0,1,0.788,0,9,1.429,3,3,0.076,0,10,1.439,3,3,0.854,0,11,2.217,2,0.076,57.1,0.0,-0.707,2.293,3.0,1.0,2.293,3.0,4.0,7.0,0.0,57.1,-0.707,,,,,,,,,,,,,,,,1.0,2.293,3.0,4.0,7.0,57.1,-0.707,,,,,,,1.0,2.293,3.0,
9052,Josep Martínez,Inter,Serie_A,5,61,14,3,11,6.37,6.37,3.37,3.37,0,0,0,3,4,1.559,0,40,4.426,3,17,0.386,0,52,5.243,3,9,1.1260000000000001,0,54,5.343999999999999,6,1.026,78.6,60.0,0.674,1.274,0.6,3.0,2.596,2.0,5.0,7.0,2.0,71.4,0.596,2.0,3.774,1.0,6.0,7.0,1.0,85.7,2.774,,,,,,,,5.0,6.37,3.0,11.0,14.0,78.6,3.37,4.0,4.364,2.0,1.0,2.006,1.0,,,,1.778
9070,Luca Philipp,Hoffenheim,Bundesliga,6,83,35,14,20,14.252999999999998,13.495,0.2529999999999992,0.4949999999999992,1,1,0,0,7,3.283,2,59,10.284,12,17,0.685,0,69,12.208,11,13,1.2850000000000001,2,75,12.811,7,0.964,57.1,0.0,0.042,2.375,2.333,3.0,10.083,7.0,14.0,21.0,0.0,66.7,3.083,3.0,4.17,7.0,6.0,14.0,0.0,42.9,-2.83,3.0,7.39,6.0,13.0,19.0,68.4,1.39,3.0,6.8629999999999995,8.0,7.0,16.0,43.8,-1.137,1.0,0.857,0.0,3.0,7.935,7.0,2.0,5.461,7.0,41.115
9098,Robert Sánchez,Chelsea,EPL,32,339,134,34,93,44.26,40.454,10.26,10.454,5,4,1,10,33,11.693,9,196,28.633,20,110,3.938,5,239,30.976,22,95,9.475,8,288,37.339999999999996,50,6.9190000000000005,69.4,31.2,0.321,1.383,1.062,17.0,20.604,17.0,46.0,65.0,5.0,70.8,3.604,15.0,23.656,17.0,47.0,69.0,5.0,68.1,6.656,12.0,17.697,17.0,35.0,55.0,63.6,0.697,20.0,26.563000000000002,17.0,58.0,79.0,73.4,9.563,17.0,21.632,13.0,9.0,12.718,9.0,6.0,9.91,12.0,2.299
9198,Unai Marrero,Real Sociedad,La_Liga,2,25,12,3,9,4.059,3.316,1.059,0.316,1,0,1,0,1,0.046,0,16,3.806,3,8,0.207,0,18,2.598,2,6,0.718,1,22,3.966,3,0.093,75.0,0.0,0.53,2.03,1.5,1.0,1.024,1.0,3.0,4.0,0.0,75.0,0.024,1.0,3.035,2.0,6.0,8.0,0.0,75.0,1.035,1.0,3.035,2.0,6.0,8.0,75.0,1.035,1.0,1.024,1.0,3.0,4.0,75.0,0.024,,,,,,,2.0,4.059,3.0,1.35
9251,Christian Walton,Ipswich,EPL,7,108,41,19,20,15.735999999999999,14.213,-3.2640000000000002,-2.787,2,2,0,1,6,3.519,4,72,11.244,12,30,0.971,3,86,12.321,16,20,1.891,1,94,13.27,14,2.466,48.8,14.3,-0.466,2.248,2.714,5.0,10.804,13.0,16.0,30.0,1.0,53.3,-2.196,2.0,4.932,6.0,4.0,11.0,0.0,36.4,-1.068,4.0,11.047,12.0,12.0,26.0,46.2,-0.953,3.0,4.689,7.0,8.0,15.0,53.3,-2.311,1.0,1.625,0.0,1.0,2.655,2.0,5.0,11.456,17.0,4.016
9272,Filip Jorgensen,Chelsea,EPL,6,62,29,9,19,10.206,9.445,1.206,1.4449999999999998,1,1,0,1,6,3.209,2,40,6.643,6,16,0.355,1,47,7.444,6,14,2.001,2,54,8.818,8,1.388,65.5,16.7,0.201,1.701,1.5,2.0,2.032,1.0,6.0,8.0,1.0,75.0,1.032,4.0,8.174,8.0,13.0,21.0,0.0,61.9,0.174,,,,,,,,6.0,10.206,9.0,19.0,29.0,65.5,1.206,3.0,3.942,2.0,,,,3.0,6.263999999999999,7.0,3.81
9614,Marco Bizot,Brest,Ligue_1,32,387,138,53,75,65.711,58.109,12.711,13.109,10,8,1,10,44,18.016,14,245,43.596,34,98,4.098,5,280,46.995000000000005,39,97,11.117,6,316,57.861,69,7.7909999999999995,54.3,31.2,0.397,2.053,1.656,16.0,27.316,20.0,29.0,53.0,7.0,54.7,7.316,16.0,38.395,33.0,46.0,85.0,3.0,54.1,5.395,9.0,25.718,27.0,19.0,49.0,38.8,-1.282,23.0,39.993,26.0,56.0,89.0,62.9,13.993,14.0,19.663,7.0,5.0,5.461,6.0,13.0,40.587,40.0,2.719
9616,Grégoire Coudert,Brest,Ligue_1,2,27,14,5,9,2.525,2.525,-2.475,-2.475,0,0,0,0,1,0.538,0,18,1.258,3,8,0.7290000000000001,2,22,2.245,3,5,0.281,2,24,2.362,3,0.163,64.3,0.0,-1.238,1.262,2.5,1.0,1.399,1.0,6.0,7.0,0.0,85.7,0.399,1.0,1.126,4.0,3.0,7.0,0.0,42.9,-2.874,1.0,1.126,4.0,3.0,7.0,42.9,-2.874,1.0,1.399,1.0,6.0,7.0,85.7,0.399,1.0,1.399,1.0,,,,1.0,1.126,4.0,1.87
9638,Arthur Desmas,Le Havre,Ligue_1,18,266,100,38,56,35.556,33.275,-2.444,-2.725,3,2,1,3,23,9.799,10,161,22.218,23,82,3.533,5,192,27.586,31,71,5.687,5,220,29.172,45,6.2989999999999995,56.0,16.7,-0.136,1.975,2.111,10.0,21.223,23.0,32.0,57.0,1.0,56.1,-1.777,8.0,14.333,15.0,24.0,43.0,2.0,55.8,-0.667,5.0,13.03,18.0,17.0,37.0,45.9,-4.97,13.0,22.526,20.0,39.0,63.0,61.9,2.526,5.0,4.909,3.0,,,,13.0,30.647,35.0,7.794
9676,David Raya,Arsenal,EPL,38,364,123,34,86,40.383,38.1,6.383,7.1,3,3,0,13,32,11.576,10,199,24.816,20,133,3.984,4,280,27.814,19,81,10.279,12,286,26.947,74,12.072000000000001,69.9,34.2,0.168,1.063,0.895,19.0,18.697,17.0,31.0,50.0,7.0,62.0,1.697,19.0,21.686,17.0,55.0,73.0,6.0,75.3,4.686,12.0,20.124,16.0,38.0,55.0,69.1,4.124,26.0,20.259,18.0,48.0,68.0,70.6,2.259,20.0,15.298,11.0,14.0,19.567,17.0,4.0,5.518000000000001,6.0,4.171
9692,Karl Hein,Real Valladolid,La_Liga,31,484,174,67,96,60.76,57.786,-6.239999999999999,-5.213999999999999,4,4,0,5,38,14.084,15,277,40.532,46,169,6.144,6,376,49.058,54,104,8.728,9,404,49.816,79,10.877,55.2,16.1,-0.201,1.96,2.161,16.0,24.381,23.0,38.0,65.0,5.0,58.5,1.381,15.0,36.379,44.0,58.0,109.0,0.0,53.2,-7.621,6.0,19.703,25.0,25.0,55.0,45.5,-5.297,25.0,41.057,42.0,71.0,119.0,59.7,-0.943,4.0,2.646,2.0,4.0,3.272,2.0,23.0,54.842,63.0,5.743
9693,Giorgi Mamardashvili,Valencia,La_Liga,34,388,146,45,91,49.544,44.338,4.5440000000000005,4.338,7,5,2,8,24,8.798,6,231,36.831,31,133,3.9099999999999997,8,286,35.694,35,95,8.647,5,310,40.589999999999996,78,8.95,62.3,23.5,0.134,1.457,1.324,17.0,17.215,15.0,41.0,58.0,7.0,70.7,2.215,17.0,32.329,30.0,50.0,88.0,1.0,56.8,2.329,7.0,19.006,17.0,22.0,42.0,52.4,2.006,27.0,30.538,28.0,69.0,104.0,66.3,2.538,11.0,11.11,6.0,11.0,11.724,10.0,12.0,26.71,29.0,7.188
9698,Diego Conde,Villarreal,La_Liga,22,269,103,32,62,28.735,25.763,-3.265,-3.237,4,3,0,2,21,6.676,3,148,19.392,20,100,2.67,9,199,20.512999999999998,21,66,5.2490000000000006,8,216,22.761,51,5.569,60.2,9.1,-0.148,1.306,1.455,11.0,17.877,20.0,32.0,59.0,1.0,54.2,-2.123,11.0,10.858,12.0,30.0,44.0,1.0,68.2,-1.142,4.0,7.267,11.0,9.0,23.0,39.1,-3.733,18.0,21.468,21.0,53.0,80.0,66.2,0.468,11.0,13.129999999999999,11.0,6.0,6.947,9.0,5.0,8.658,12.0,4.88
9740,José Sá,Wolverhampton Wanderers,EPL,29,351,123,46,71,44.535000000000004,39.206,-1.4649999999999999,-1.7939999999999998,7,5,2,7,26,8.229,8,217,32.429,32,108,3.879,6,255,29.593,31,89,9.613,10,285,36.084,64,7.93,57.7,24.1,-0.051,1.536,1.586,16.0,25.21,26.0,41.0,69.0,5.0,59.4,-0.79,13.0,19.325,20.0,30.0,54.0,2.0,55.6,-0.675,11.0,20.424,26.0,31.0,59.0,52.5,-5.576,18.0,24.111,20.0,40.0,64.0,62.5,4.111,11.0,10.681000000000001,5.0,5.0,9.863,8.0,13.0,23.991,33.0,19.693
9756,Dominik Greif,Mallorca,La_Liga,31,413,123,33,83,38.38,36.894,5.380000000000001,5.894,2,2,0,7,35,10.892,10,205,21.925,17,173,5.567,6,296,28.839,26,115,8.052,5,335,31.061,76,6.865,67.5,22.6,0.174,1.238,1.065,16.0,19.751,15.0,35.0,53.0,3.0,66.0,4.751,15.0,18.629,18.0,48.0,70.0,4.0,68.6,0.629,5.0,7.922000000000001,10.0,13.0,24.0,54.2,-2.078,26.0,30.458,23.0,70.0,99.0,70.7,7.458,11.0,11.139,7.0,8.0,10.997,5.0,12.0,16.244,21.0,4.708
9773,Joan García,Espanyol,La_Liga,38,568,202,50,142,59.203,54.745,9.203,8.745,6,4,2,8,34,12.504999999999999,8,327,40.145,34,207,6.556,8,429,41.342999999999996,37,133,13.398,9,474,47.777,90,9.745000000000001,70.3,21.1,0.242,1.558,1.316,19.0,24.358,20.0,61.0,85.0,4.0,71.8,4.358,19.0,34.845,30.0,81.0,117.0,4.0,69.2,4.845,8.0,17.346,13.0,39.0,53.0,73.6,4.346,30.0,41.857,37.0,103.0,149.0,69.1,4.857,11.0,14.357,6.0,9.0,13.571,7.0,18.0,31.275,37.0,4.171
9824,Julen Agirrezabala,Athletic Club,La_Liga,14,120,39,9,29,14.054,12.568,5.054,4.5680000000000005,2,1,1,5,5,2.356,0,73,9.932,7,42,1.766,2,81,10.907,5,37,1.662,3,99,12.001,20,2.02,74.4,35.7,0.361,1.004,0.643,9.0,9.768,5.0,17.0,23.0,3.0,73.9,4.768,5.0,4.286,4.0,12.0,16.0,2.0,75.0,0.286,3.0,4.367,2.0,6.0,8.0,75.0,2.367,11.0,9.687,7.0,23.0,31.0,74.2,2.687,9.0,8.207,6.0,4.0,4.261,2.0,1.0,1.586,1.0,1.559
9839,Leo Román,Mallorca,La_Liga,7,154,49,10,39,16.186,15.442,6.186,6.442,1,1,0,2,8,3.5300000000000002,2,82,10.665,7,64,1.9889999999999999,1,109,12.169,8,44,3.274,1,140,14.77,14,1.416,79.6,28.6,0.884,2.312,1.429,3.0,6.49,5.0,16.0,21.0,2.0,76.2,1.49,4.0,9.696,5.0,23.0,28.0,0.0,82.1,4.696,3.0,12.317,8.0,25.0,33.0,75.8,4.317,4.0,3.8689999999999998,2.0,14.0,16.0,87.5,1.869,2.0,1.815,1.0,1.0,0.61,0.0,4.0,13.761000000000001,9.0,0.907
9861,Jonas Urbig,Bayern Munich,Bundesliga,8,63,28,12,16,8.559000000000001,8.559000000000001,-3.441,-3.441,0,0,0,2,6,1.84,2,35,5.577,8,22,1.141,2,45,6.201,8,18,2.356,4,51,7.26,12,1.2970000000000002,57.1,25.0,-0.43,1.07,1.5,4.0,4.908,7.0,8.0,15.0,1.0,53.3,-2.092,4.0,3.6510000000000002,5.0,8.0,13.0,1.0,61.5,-1.349,1.0,1.78,2.0,1.0,3.0,33.3,-0.22,7.0,6.779,10.0,15.0,25.0,60.0,-3.221,4.0,2.863,3.0,3.0,4.333,6.0,1.0,1.363,3.0,2.064
10010,Jesús Owono,Alaves,La_Liga,5,37,12,5,7,3.747,3.747,-1.253,-1.253,0,0,0,0,2,1.1389999999999998,2,21,2.117,0,14,0.491,3,25,2.7,3,12,1.0470000000000002,2,35,3.556,2,0.191,58.3,0.0,-0.251,0.749,1.0,3.0,2.046,3.0,3.0,6.0,0.0,50.0,-0.954,2.0,1.701,2.0,4.0,6.0,0.0,66.7,-0.299,2.0,2.465,2.0,5.0,7.0,71.4,0.465,3.0,1.282,3.0,2.0,5.0,40.0,-1.718,1.0,0.501,1.0,1.0,0.155,1.0,3.0,3.0909999999999997,3.0,1.892
10160,Noah Atubolu,Freiburg,Bundesliga,26,342,127,37,84,37.437,35.921,0.4370000000000005,-1.079,2,0,2,10,30,9.439,10,181,23.669,22,131,4.33,5,250,26.523,29,90,9.401,8,282,29.975,60,7.462000000000001,66.1,38.5,0.017,1.44,1.423,13.0,18.037,17.0,36.0,57.0,4.0,63.2,1.037,13.0,19.4,20.0,48.0,70.0,6.0,68.6,-0.6,5.0,11.139,18.0,18.0,37.0,48.6,-6.861,21.0,26.298,19.0,66.0,90.0,73.3,7.298,12.0,11.975,8.0,6.0,8.804,3.0,8.0,16.658,26.0,65.073
10272,Adrián Rodríguez,Alaves,La_Liga,1,14,6,2,4,1.957,1.213,-0.043,0.213,1,1,0,0,0,0.0,0,11,1.872,2,3,0.084,0,10,1.088,0,3,0.125,1,13,1.926,1,0.031,66.7,0.0,-0.043,1.957,2.0,,,,,,,,,1.0,1.957,2.0,4.0,6.0,0.0,66.7,-0.043,,,,,,,,1.0,1.957,2.0,4.0,6.0,66.7,-0.043,,,,1.0,1.957,2.0,,,,
10423,Lasse Rieß,Mainz 05,Bundesliga,2,19,8,2,6,2.1229999999999998,2.1229999999999998,0.123,0.123,0,0,0,0,0,0.0,0,11,1.831,1,8,0.29100000000000004,1,16,1.977,2,3,0.14500000000000002,0,17,2.041,2,0.082,75.0,0.0,0.062,1.062,1.0,1.0,1.388,1.0,1.0,2.0,0.0,50.0,0.388,1.0,0.735,1.0,5.0,6.0,0.0,83.3,-0.265,1.0,1.388,1.0,1.0,2.0,50.0,0.388,1.0,0.735,1.0,5.0,6.0,83.3,-0.265,1.0,0.735,1.0,1.0,1.388,1.0,,,,7.508
10800,Kjetil Haug,Toulouse,Ligue_1,5,49,15,6,7,6.968,6.968,0.9680000000000001,0.9680000000000001,0,0,0,1,6,2.636,2,27,3.8369999999999997,3,16,0.496,1,36,6.2170000000000005,5,13,0.75,1,39,5.639,10,1.329,46.7,20.0,0.194,1.394,1.2,1.0,2.858,1.0,2.0,4.0,0.0,50.0,1.858,4.0,4.11,5.0,5.0,11.0,1.0,45.5,-0.89,1.0,2.858,1.0,2.0,4.0,50.0,1.858,4.0,4.11,5.0,5.0,11.0,45.5,-0.89,2.0,1.4060000000000001,1.0,2.0,3.575,3.0,1.0,1.987,2.0,5.801
10829,Yahia Fofana,Angers,Ligue_1,33,462,193,51,134,62.851,59.811,11.851,11.811000000000002,4,3,0,7,43,18.931,16,265,38.94,31,154,4.982,4,364,51.877,39,94,7.931,9,384,52.701,75,9.415,69.4,21.2,0.359,1.905,1.545,17.0,35.585,33.0,76.0,112.0,3.0,67.9,2.585,16.0,27.266000000000002,18.0,58.0,81.0,4.0,71.6,9.266,9.0,22.068,19.0,45.0,66.0,68.2,3.068,24.0,40.783,32.0,89.0,127.0,70.1,8.783,10.0,9.039,4.0,6.0,11.179,8.0,17.0,42.632999999999996,39.0,2.742
10890,Michele Di Gregorio,Juventus,Serie_A,33,360,111,32,71,33.237,29.431,1.2369999999999997,2.4309999999999996,5,5,0,14,25,7.007,7,199,22.073,23,136,4.158,2,259,22.768,19,96,6.66,8,287,25.951,72,7.286,64.0,42.4,0.037,1.007,0.97,17.0,16.52,13.0,31.0,48.0,10.0,64.6,3.52,16.0,16.717,19.0,40.0,63.0,4.0,63.5,-2.283,6.0,12.85,9.0,18.0,28.0,64.3,3.85,27.0,20.387,23.0,53.0,83.0,63.9,-2.613,16.0,11.527,6.0,13.0,13.21,16.0,4.0,8.5,10.0,22.136
10913,André Onana,Manchester United,EPL,34,377,140,43,89,52.771,49.726,9.771,9.725999999999999,4,3,1,9,41,17.121,18,215,31.169,20,121,4.483,5,267,37.526,27,106,12.201,13,310,42.209,63,8.899,63.6,26.5,0.287,1.552,1.265,17.0,26.072,25.0,41.0,71.0,4.0,57.7,1.072,17.0,26.699,18.0,48.0,69.0,5.0,69.6,8.699,13.0,22.551000000000002,19.0,33.0,57.0,57.9,3.551,21.0,30.22,24.0,56.0,83.0,67.5,6.22,10.0,9.012,4.0,9.0,13.603,8.0,15.0,30.156,31.0,3.481
10967,Mile Svilar,Roma,Serie_A,38,443,159,34,117,48.727000000000004,45.681,14.727,15.681,4,4,0,16,34,12.068,7,242,31.625,24,167,5.033,3,338,35.169000000000004,22,101,10.513,8,371,39.318,72,9.408,73.6,42.1,0.388,1.282,0.895,19.0,21.29,15.0,58.0,80.0,8.0,72.5,6.29,19.0,27.437,19.0,59.0,79.0,8.0,74.7,8.437,6.0,10.86,7.0,21.0,29.0,72.4,3.86,32.0,37.867,27.0,96.0,130.0,73.8,10.867,20.0,16.288,6.0,9.0,12.312000000000001,8.0,9.0,20.127,20.0,1.752
11022,Simone Perilli,Verona,Serie_A,2,28,12,2,9,2.604,2.604,0.604,0.604,0,0,0,0,2,1.3559999999999999,2,10,0.746,0,16,0.503,0,18,2.177,2,10,0.428,0,24,2.041,4,0.5640000000000001,75.0,0.0,0.302,1.302,1.0,,,,,,,,,2.0,2.604,2.0,9.0,12.0,0.0,75.0,0.604,,,,,,,,2.0,2.604,2.0,9.0,12.0,75.0,0.604,1.0,1.244,1.0,,,,1.0,1.36,1.0,0.272
11069,Matej Kovár,Bayer Leverkusen,Bundesliga,5,37,16,4,12,4.165,4.165,0.1649999999999999,0.1649999999999999,0,0,0,3,5,1.413,1,17,2.064,1,15,0.6880000000000001,2,30,3.4829999999999997,4,7,0.6819999999999999,0,30,2.321,7,1.845,75.0,60.0,0.033,0.833,0.8,3.0,2.766,3.0,7.0,10.0,2.0,70.0,-0.234,2.0,1.399,1.0,5.0,6.0,1.0,83.3,0.399,,,,,,,,5.0,4.165,4.0,12.0,16.0,75.0,0.165,3.0,1.756,0.0,1.0,0.904,1.0,1.0,1.505,3.0,27.437
11170,Jacopo Seghetti,Empoli,Serie_A,1,14,6,3,3,1.581,1.581,-1.419,-1.419,0,0,0,0,0,0.0,0,9,0.945,3,5,0.636,0,14,1.581,3,0,0.0,0,14,1.581,0,0.0,50.0,0.0,-1.419,1.581,3.0,1.0,1.581,3.0,3.0,6.0,0.0,50.0,-1.419,,,,,,,,,,,,,,,,1.0,1.581,3.0,3.0,6.0,50.0,-1.419,,,,,,,1.0,1.581,3.0,
11250,Théo De Percin,Auxerre,Ligue_1,2,24,9,3,6,4.415,2.895,1.415,0.895,2,1,1,1,1,0.942,1,17,3.3499999999999996,2,6,0.123,0,16,2.678,2,6,0.21700000000000003,0,20,4.182,4,0.23299999999999998,66.7,50.0,0.708,2.208,1.5,1.0,1.518,0.0,5.0,5.0,1.0,100.0,1.518,1.0,2.897,3.0,1.0,4.0,0.0,25.0,-0.103,,,,,,,,2.0,4.415,3.0,6.0,9.0,66.7,1.415,,,,1.0,1.518,0.0,1.0,2.897,3.0,1.62
11299,Devis Vásquez,Empoli,Serie_A,32,438,134,45,79,42.525,40.241,-2.4749999999999996,-3.7589999999999995,3,1,1,6,37,8.275,6,250,29.511,33,151,4.734,6,307,29.935,39,128,10.3,5,329,30.113,107,12.366,59.0,18.8,-0.077,1.329,1.406,16.0,17.3,17.0,33.0,50.0,5.0,66.0,0.3,16.0,25.225,28.0,46.0,84.0,1.0,54.8,-2.775,5.0,9.366999999999999,14.0,13.0,28.0,46.4,-4.633,27.0,33.158,31.0,66.0,106.0,62.3,2.158,6.0,6.503,4.0,12.0,12.795,9.0,14.0,23.227,32.0,10.881
11361,Daniel Bentley,Wolverhampton Wanderers,EPL,2,26,12,4,8,2.825,2.825,-1.175,-1.175,0,0,0,1,2,0.605,0,14,1.842,3,10,0.376,1,19,2.411,3,7,0.41300000000000003,1,24,2.5599999999999996,2,0.264,66.7,50.0,-0.588,1.412,2.0,,,,,,,,,2.0,2.825,4.0,8.0,12.0,1.0,66.7,-1.175,1.0,1.685,4.0,6.0,10.0,60.0,-2.315,1.0,1.14,0.0,2.0,2.0,100.0,1.14,1.0,1.14,0.0,,,,1.0,1.685,4.0,4.158
11611,Francisco González,Real Madrid,La_Liga,1,10,2,2,0,1.09,1.09,-0.91,-0.91,0,0,0,0,1,0.071,0,6,0.918,2,3,0.102,0,6,0.704,1,4,0.386,1,6,0.311,4,0.779,0.0,0.0,-0.91,1.09,2.0,1.0,1.09,2.0,0.0,2.0,0.0,0.0,-0.91,,,,,,,,,,,,,,,,1.0,1.09,2.0,0.0,2.0,0.0,-0.91,,,,,,,1.0,1.09,2.0,
11711,Bart Verbruggen,Brighton,EPL,36,408,148,56,87,58.319,51.469,2.319,4.469,9,9,0,7,49,14.418,12,260,39.622,38,99,4.282,6,299,40.922,39,100,10.546,8,332,47.909,73,10.321,58.8,19.4,0.064,1.62,1.556,18.0,27.384999999999998,25.0,40.0,66.0,3.0,60.6,2.385,18.0,30.934,31.0,47.0,82.0,4.0,57.3,-0.066,14.0,29.326,21.0,46.0,70.0,65.7,8.326,22.0,28.993,35.0,41.0,78.0,52.6,-6.007,14.0,19.805,12.0,13.0,19.669999999999998,17.0,9.0,18.844,27.0,14.865
11776,Guillaume Restes,Toulouse,Ligue_1,29,301,102,34,61,33.015,31.494,-0.9849999999999997,-1.5059999999999996,2,1,1,9,21,6.171,5,169,23.344,22,111,3.5,7,226,25.404,25,73,6.089,8,248,25.793,53,7.222,59.8,31.0,-0.034,1.138,1.172,16.0,18.231,19.0,30.0,52.0,4.0,57.7,-0.769,13.0,14.784,15.0,31.0,50.0,5.0,62.0,-0.216,9.0,14.083,13.0,24.0,40.0,60.0,1.083,20.0,18.932,21.0,37.0,62.0,59.7,-2.068,9.0,6.304,4.0,7.0,7.473000000000001,4.0,13.0,19.238,26.0,26.45
11781,Philipp Köhn,Monaco,Ligue_1,19,188,69,18,44,18.375999999999998,17.616,0.37600000000000033,0.6160000000000003,1,1,0,8,11,3.97,3,93,11.803,12,84,2.6029999999999998,3,146,14.903,14,41,2.71,3,162,14.733,26,3.641,63.8,42.1,0.02,0.967,0.947,9.0,8.466,8.0,29.0,40.0,4.0,72.5,0.466,10.0,9.91,10.0,15.0,29.0,4.0,51.7,-0.09,5.0,4.316999999999999,5.0,18.0,23.0,78.3,-0.683,14.0,14.059,13.0,26.0,46.0,56.5,1.059,11.0,6.4479999999999995,5.0,5.0,6.078,4.0,3.0,5.85,9.0,38.811
11829,André Ferreira,Real Valladolid,La_Liga,6,103,40,20,19,15.540000000000001,13.311,-4.46,-3.689,3,3,0,0,10,3.362,4,57,10.668,16,36,1.51,0,78,11.527999999999999,16,22,1.782,1,84,12.626,19,2.916,47.5,0.0,-0.743,2.59,3.333,3.0,7.381,9.0,11.0,21.0,0.0,52.4,-1.619,3.0,8.159,11.0,8.0,19.0,0.0,42.1,-2.841,2.0,6.341,6.0,9.0,16.0,56.2,0.341,4.0,9.199,14.0,10.0,24.0,41.7,-4.801,,,,,,,6.0,15.540000000000001,20.0,1.486
11852,Kevin Müller,FC Heidenheim,Bundesliga,33,449,182,64,106,63.979,59.432,-0.02100000000000035,1.4319999999999993,6,6,0,8,37,14.864,14,256,43.401,41,156,5.713,9,344,48.899,50,99,10.531,8,378,51.625,71,12.350999999999999,58.2,24.2,-0.001,1.939,1.939,17.0,31.426000000000002,33.0,50.0,89.0,4.0,56.2,-1.574,16.0,32.553000000000004,31.0,56.0,93.0,4.0,60.2,1.553,10.0,26.844,30.0,40.0,74.0,54.1,-3.156,23.0,37.135,34.0,66.0,108.0,61.1,3.135,7.0,7.526,1.0,5.0,7.824,6.0,21.0,48.629,57.0,1781.376
12032,Djordje Petrovic,Strasbourg,Ligue_1,31,417,155,36,111,56.787,50.706,20.787,21.706,8,7,1,10,36,13.664,7,254,38.515,27,127,4.603,2,332,43.168,25,77,7.539,4,342,46.476,73,9.898,71.6,32.3,0.671,1.832,1.161,16.0,28.588,19.0,64.0,87.0,4.0,73.6,9.588,15.0,28.199,17.0,47.0,68.0,6.0,69.1,11.199,9.0,22.532,14.0,40.0,57.0,70.2,8.532,22.0,34.255,22.0,71.0,98.0,72.4,12.255,15.0,23.492,8.0,8.0,12.725,9.0,8.0,20.57,19.0,1.25
12042,Daniel Peretz,Bayern Munich,Bundesliga,3,14,7,5,2,3.399,3.399,-1.601,-1.601,0,0,0,0,2,0.694,1,11,2.677,4,1,0.029,0,12,2.96,5,2,0.438,0,14,3.399,0,0.0,28.6,0.0,-0.534,1.133,1.667,2.0,1.727,3.0,0.0,3.0,0.0,0.0,-1.273,1.0,1.672,2.0,2.0,4.0,0.0,50.0,-0.328,,,,,,,,3.0,3.399,5.0,2.0,7.0,28.6,-1.601,2.0,1.727,3.0,,,,1.0,1.672,2.0,0.494
12043,Christos Mandas,Lazio,Serie_A,9,77,27,7,20,7.516,7.516,0.516,0.516,0,0,0,4,3,1.083,2,51,5.797000000000001,4,23,0.635,1,49,4.6899999999999995,5,28,2.825,2,60,5.442,17,2.07,74.1,44.4,0.057,0.835,0.778,4.0,3.208,5.0,9.0,14.0,0.0,64.3,-1.792,5.0,4.308,2.0,11.0,13.0,4.0,84.6,2.308,2.0,2.654,2.0,3.0,5.0,60.0,0.654,7.0,4.862,5.0,17.0,22.0,77.3,-0.138,3.0,1.694,0.0,5.0,5.113,6.0,1.0,0.709,1.0,12.348
12054,Altay Bayindir,Manchester United,EPL,4,39,17,9,8,8.84,8.84,-0.16000000000000003,-0.16000000000000003,0,0,0,1,8,4.053,4,25,4.592,5,6,0.197,0,30,7.444,9,9,1.396,0,29,6.773,10,2.067,47.1,25.0,-0.04,2.21,2.25,2.0,2.552,2.0,3.0,5.0,1.0,60.0,0.552,2.0,6.288,7.0,5.0,12.0,0.0,41.7,-0.712,1.0,2.638,4.0,2.0,6.0,33.3,-1.362,3.0,6.202,5.0,6.0,11.0,54.5,1.202,1.0,0.339,0.0,,,,3.0,8.501,9.0,22.507
12075,Kauã Santos,Eintracht Frankfurt,Bundesliga,8,119,46,10,34,11.169,10.411,1.169,1.411,1,1,0,3,8,1.762,0,66,8.071,8,45,1.334,2,79,7.108,5,39,3.3040000000000003,4,93,8.795,26,2.375,73.9,37.5,0.146,1.396,1.25,5.0,7.03,5.0,23.0,29.0,3.0,79.3,2.03,3.0,4.139,5.0,11.0,17.0,0.0,64.7,-0.861,2.0,3.736,3.0,12.0,15.0,80.0,0.736,6.0,7.433,7.0,22.0,31.0,71.0,0.433,5.0,6.299,3.0,1.0,2.873,3.0,2.0,1.9969999999999999,4.0,7.137
12227,Álex Padilla,Athletic Club,La_Liga,3,36,16,5,8,5.128,4.385,0.12799999999999995,0.38499999999999995,1,1,0,0,3,0.48,0,22,4.445,3,11,0.202,2,25,3.466,2,10,0.9179999999999999,2,27,3.714,9,1.4140000000000001,50.0,0.0,0.043,1.709,1.667,1.0,0.538,1.0,1.0,3.0,0.0,33.3,-0.462,2.0,4.59,4.0,7.0,13.0,0.0,53.8,0.59,1.0,2.416,2.0,3.0,7.0,42.9,0.416,2.0,2.7119999999999997,3.0,5.0,9.0,55.6,-0.288,,,,1.0,0.538,1.0,2.0,4.59,4.0,10.629
12298,Augusto Batalla,Rayo Vallecano,La_Liga,32,380,137,38,94,48.241,42.295,10.241,10.294999999999998,8,6,2,8,32,10.936,5,226,32.993,25,122,4.312,8,266,31.421,26,106,10.877,6,289,35.275,87,12.466,68.6,25.0,0.32,1.508,1.188,16.0,18.043,22.0,47.0,72.0,3.0,65.3,-3.957,16.0,30.198,16.0,47.0,65.0,5.0,72.3,14.198,7.0,12.959,12.0,24.0,37.0,64.9,0.959,25.0,35.282,26.0,70.0,100.0,70.0,9.282,10.0,12.014,4.0,12.0,15.654,14.0,10.0,20.573,20.0,3.276
12369,Lucas Perri,Lyon,Ligue_1,33,435,163,44,115,46.948,44.668,2.9480000000000004,3.668000000000001,3,3,0,10,29,11.735000000000001,10,244,29.959,30,162,5.256,4,325,35.408,33,107,9.258000000000001,8,380,41.198,55,5.751,70.6,30.3,0.089,1.423,1.333,17.0,22.817,21.0,62.0,84.0,6.0,73.8,1.817,16.0,24.131,23.0,53.0,79.0,4.0,67.1,1.131,8.0,17.39,17.0,31.0,48.0,64.6,0.39,25.0,29.558,27.0,84.0,115.0,73.0,2.558,17.0,18.723,12.0,6.0,7.698,5.0,10.0,20.527,27.0,10.225
12494,Frank Feller,FC Heidenheim,Bundesliga,1,10,1,0,1,0.529,0.529,0.529,0.529,0,0,0,1,0,0.0,0,8,0.487,0,2,0.041,0,9,0.508,0,1,0.021,0,9,0.453,1,0.076,100.0,100.0,0.529,0.529,0.0,,,,,,,,,1.0,0.529,0.0,1.0,1.0,1.0,100.0,0.529,,,,,,,,1.0,0.529,0.0,1.0,1.0,100.0,0.529,1.0,0.529,0.0,,,,,,,
12595,Hákon Valdimarsson,Brentford,EPL,1,13,2,1,1,0.947,0.947,-0.053,-0.053,0,0,0,0,0,0.0,0,8,0.8,1,5,0.146,0,12,0.934,1,1,0.013,0,12,0.934,1,0.013,50.0,0.0,-0.053,0.947,1.0,1.0,0.947,1.0,1.0,2.0,0.0,50.0,-0.053,,,,,,,,,,,,,,,,1.0,0.947,1.0,1.0,2.0,50.0,-0.053,,,,,,,1.0,0.947,1.0,
12740,Dinko Horkas,Las Palmas,La_Liga,11,127,50,16,32,19.804000000000002,18.316,3.804,3.3160000000000003,2,1,1,1,14,6.594,5,72,11.679,11,41,1.532,0,101,16.123,13,24,2.192,2,105,16.179,22,3.626,64.0,9.1,0.346,1.8,1.455,6.0,8.184,8.0,17.0,26.0,1.0,65.4,0.184,5.0,11.62,8.0,15.0,24.0,0.0,62.5,3.62,2.0,4.896999999999999,3.0,6.0,9.0,66.7,1.897,9.0,14.907,13.0,26.0,41.0,63.4,1.907,2.0,2.9090000000000003,1.0,,,,9.0,16.895,15.0,2.019
12762,Joe Lumley,Southampton,EPL,3,66,23,7,13,10.509,10.509,3.5090000000000003,3.5090000000000003,0,0,0,0,12,3.711,2,38,5.549,3,16,1.25,2,50,9.139,6,16,1.37,1,50,8.451,16,2.057,56.5,0.0,1.17,3.503,2.333,1.0,6.118,5.0,6.0,13.0,0.0,46.2,1.118,2.0,4.391,2.0,7.0,10.0,0.0,70.0,2.391,1.0,6.118,5.0,6.0,13.0,46.2,1.118,2.0,4.391,2.0,7.0,10.0,70.0,2.391,,,,1.0,1.87,1.0,2.0,8.639,6.0,0.281
12781,Zion Suzuki,Parma Calcio 1913,Serie_A,37,524,163,53,99,64.153,60.347,11.153,12.347,5,5,0,7,32,13.305,10,324,45.697,37,168,5.148,6,394,50.205,38,125,10.141,10,430,53.315,92,10.663,60.7,18.9,0.301,1.734,1.432,18.0,29.407,24.0,44.0,74.0,3.0,59.5,5.407,19.0,34.746,29.0,55.0,89.0,4.0,61.8,5.746,6.0,15.677,14.0,15.0,30.0,50.0,1.677,31.0,48.476,39.0,84.0,133.0,63.2,9.476,7.0,11.897,6.0,15.0,17.06,14.0,15.0,35.196,33.0,2.468
12849,Melvin Zinga,Angers,Ligue_1,1,21,6,2,2,3.758,2.998,1.758,1.998,1,1,0,0,3,1.563,1,10,1.942,1,8,0.254,0,12,2.32,1,8,0.678,0,19,3.638,2,0.12,33.3,0.0,1.758,3.758,2.0,,,,,,,,,1.0,3.758,2.0,2.0,6.0,0.0,33.3,1.758,1.0,3.758,2.0,2.0,6.0,33.3,1.758,,,,,,,,,,,,,,1.0,3.758,2.0,
12867,Alen Sherri,Cagliari,Serie_A,7,94,33,11,20,12.21,12.21,1.21,1.21,0,0,0,1,2,1.558,1,67,10.033999999999999,9,25,0.619,1,82,11.278,11,12,0.933,0,80,11.022,14,1.188,60.6,14.3,0.173,1.744,1.571,3.0,5.824,4.0,6.0,12.0,1.0,50.0,1.824,4.0,6.386,7.0,14.0,21.0,0.0,66.7,-0.614,2.0,5.218,4.0,4.0,9.0,44.4,1.218,5.0,6.992,7.0,16.0,24.0,66.7,-0.008,1.0,0.606,0.0,2.0,5.042,5.0,4.0,6.561999999999999,6.0,3.926
12898,Arnau Rafús,Real Valladolid,La_Liga,1,12,2,2,0,1.328,1.328,-0.672,-0.672,0,0,0,0,0,0.0,0,8,1.181,1,4,0.147,1,10,1.244,1,2,0.084,1,11,1.269,1,0.059,0.0,0.0,-0.672,1.328,2.0,,,,,,,,,1.0,1.328,2.0,0.0,2.0,0.0,0.0,-0.672,,,,,,,,1.0,1.328,2.0,0.0,2.0,0.0,-0.672,,,,,,,1.0,1.328,2.0,
12910,Mads Hermansen,Leicester,EPL,27,483,174,58,103,67.883,64.838,9.883,9.838,4,3,1,1,57,23.785,15,286,38.967999999999996,37,140,5.131,6,356,50.455,49,123,14.385,6,394,52.073,88,14.917,59.2,3.7,0.366,2.514,2.148,13.0,30.336,25.0,48.0,83.0,1.0,57.8,5.336,14.0,37.547,33.0,55.0,91.0,0.0,60.4,4.547,10.0,32.01,20.0,49.0,77.0,63.6,12.01,17.0,35.873,38.0,54.0,97.0,55.7,-2.127,3.0,7.288,3.0,6.0,12.302,9.0,18.0,48.293,46.0,3.782
12917,Luiz Júnior,Villarreal,La_Liga,16,216,68,18,48,23.805,20.831,5.805,6.8309999999999995,4,4,0,5,17,7.714,4,106,13.299,10,93,2.7920000000000003,4,162,16.12,13,50,4.709,1,176,17.951,40,5.853,70.6,31.2,0.363,1.488,1.125,8.0,11.358,7.0,18.0,26.0,4.0,69.2,4.358,8.0,12.447000000000001,11.0,30.0,42.0,1.0,71.4,1.447,2.0,3.322,3.0,14.0,17.0,82.4,0.322,14.0,20.483,15.0,34.0,51.0,66.7,5.483,9.0,10.869,8.0,4.0,6.879,4.0,3.0,6.057,6.0,1.829
12921,Nediljko Labrovic,Augsburg,Bundesliga,15,203,75,32,42,22.742,20.468,-9.258,-8.532,3,3,0,2,17,6.834,9,119,13.906,18,67,2.003,5,155,16.908,25,45,3.56,4,165,17.512,38,5.229,56.0,13.3,-0.617,1.516,2.133,8.0,6.566,10.0,15.0,25.0,2.0,60.0,-3.434,7.0,16.176,22.0,27.0,50.0,0.0,54.0,-5.824,4.0,7.367,8.0,17.0,26.0,65.4,-0.633,11.0,15.375,24.0,25.0,49.0,51.0,-8.625,4.0,2.3280000000000003,3.0,4.0,4.622,5.0,7.0,15.792,24.0,1.537
12931,Timon Weiner,Holstein Kiel,Bundesliga,24,391,146,57,79,48.467,45.438,-8.533,-7.561999999999999,4,4,0,2,32,9.539,4,250,34.517,45,109,4.413,8,278,36.516,44,109,8.922,9,291,34.279,99,14.093,54.1,8.3,-0.356,2.019,2.375,12.0,21.316,28.0,41.0,72.0,1.0,56.9,-6.684,12.0,27.151,29.0,38.0,74.0,1.0,51.4,-1.849,8.0,20.84,23.0,36.0,61.0,59.0,-2.16,16.0,27.627,34.0,43.0,85.0,50.6,-6.373,4.0,4.478,3.0,4.0,7.5169999999999995,8.0,16.0,36.472,46.0,2.615
12940,Thomas Dähne,Holstein Kiel,Bundesliga,9,142,61,18,37,20.756,18.482,2.756,2.4819999999999998,3,2,1,0,14,5.409,4,87,13.894,11,41,1.454,3,96,12.916,13,43,5.564,3,111,15.914,31,4.844,60.7,0.0,0.306,2.306,2.0,4.0,7.277,9.0,14.0,25.0,0.0,56.0,-1.723,5.0,13.479000000000001,9.0,23.0,36.0,0.0,63.9,4.479,2.0,5.6259999999999994,6.0,9.0,16.0,56.2,-0.374,7.0,15.13,12.0,28.0,45.0,62.2,3.13,2.0,6.742000000000001,4.0,2.0,3.8200000000000003,2.0,5.0,10.193999999999999,12.0,4.113
12942,Maarten Vandevoordt,RasenBallsport Leipzig,Bundesliga,4,61,21,9,8,6.873,6.873,-2.127,-2.127,0,0,0,0,9,2.793,4,35,3.372,4,17,0.709,1,37,3.636,4,24,3.237,5,45,3.662,16,3.2139999999999995,38.1,0.0,-0.532,1.718,2.25,2.0,2.821,4.0,5.0,10.0,0.0,50.0,-1.179,2.0,4.052,5.0,3.0,11.0,0.0,27.3,-0.948,3.0,5.078,8.0,6.0,15.0,40.0,-2.922,1.0,1.795,1.0,2.0,6.0,33.3,0.795,1.0,0.844,1.0,1.0,1.977,3.0,2.0,4.052,5.0,2.063
12964,Kamil Grabara,Wolfsburg,Bundesliga,29,411,146,49,90,51.585,49.311,2.5850000000000004,2.311,3,2,1,5,37,14.706,13,233,32.115,29,141,4.766,7,307,35.597,34,101,13.716,13,337,41.063,72,9.606,61.6,17.2,0.089,1.779,1.69,14.0,24.033,27.0,37.0,66.0,1.0,56.1,-2.967,15.0,27.552,22.0,53.0,80.0,4.0,66.2,5.552,8.0,19.745,21.0,27.0,53.0,50.9,-1.255,21.0,31.84,28.0,63.0,93.0,67.7,3.84,9.0,13.943,7.0,7.0,9.986,10.0,13.0,27.656,32.0,11.486
12973,Nikola Vasilj,St. Pauli,Bundesliga,33,370,138,38,97,52.916,49.126,14.916,12.126,5,1,4,9,31,11.717,9,243,38.127,26,96,3.07,3,279,38.327,30,86,10.797,7,286,43.495,79,8.66,70.3,27.3,0.452,1.604,1.152,17.0,22.972,18.0,47.0,67.0,4.0,70.1,4.972,16.0,29.944,20.0,50.0,71.0,5.0,70.4,9.944,9.0,22.915,13.0,36.0,51.0,70.6,9.915,24.0,30.000999999999998,25.0,61.0,87.0,70.1,5.001,8.0,8.432,2.0,7.0,7.288,4.0,18.0,37.196,32.0,2.323
12985,Ben Voll,St. Pauli,Bundesliga,1,13,5,2,3,1.82,1.82,-0.18,-0.18,0,0,0,0,1,0.504,0,8,1.154,2,4,0.162,0,12,1.78,2,1,0.04,0,9,1.197,4,0.623,60.0,0.0,-0.18,1.82,2.0,,,,,,,,,1.0,1.82,2.0,3.0,5.0,0.0,60.0,-0.18,1.0,1.82,2.0,3.0,5.0,60.0,-0.18,,,,,,,,,,,1.0,1.82,2.0,,,,
13089,Patrik Carlgren,Nantes,Ligue_1,4,52,29,6,20,8.757,8.757,2.757,2.757,0,0,0,1,4,1.6720000000000002,1,32,6.504,4,16,0.58,1,45,8.259,5,7,0.496,1,43,7.0649999999999995,9,1.691,69.0,25.0,0.689,2.189,1.5,2.0,2.592,1.0,7.0,9.0,1.0,77.8,1.592,2.0,6.165,5.0,13.0,20.0,0.0,65.0,1.165,2.0,6.27,2.0,13.0,17.0,76.5,4.27,2.0,2.487,4.0,7.0,12.0,58.3,-1.513,1.0,0.286,0.0,2.0,6.27,2.0,1.0,2.201,4.0,2.891
13301,Jakub Stolarczyk,Leicester,EPL,10,149,47,16,28,18.497,18.497,2.497,2.497,0,0,0,2,16,6.413,6,84,10.545,7,49,1.5390000000000001,3,114,15.602,12,35,2.894,4,118,13.262,31,5.233,59.6,20.0,0.25,1.85,1.6,5.0,8.429,6.0,9.0,16.0,2.0,56.2,2.429,5.0,10.068,10.0,19.0,31.0,0.0,61.3,0.068,4.0,8.502,9.0,14.0,25.0,56.0,-0.498,6.0,9.995000000000001,7.0,14.0,22.0,63.6,2.995,3.0,3.202,1.0,1.0,1.796,2.0,6.0,13.499,13.0,2.752
13348,Antonín Kinsky,Tottenham,EPL,6,100,34,9,23,13.584,13.584,4.584,4.584,0,0,0,1,13,3.832,2,55,8.757,6,32,0.996,1,77,10.949,8,23,2.634,1,80,10.358,19,3.226,67.6,16.7,0.764,2.264,1.5,2.0,5.39,4.0,8.0,13.0,0.0,61.5,1.39,4.0,8.194,5.0,15.0,21.0,1.0,71.4,3.194,2.0,6.258,3.0,10.0,14.0,71.4,3.258,4.0,7.3260000000000005,6.0,13.0,20.0,65.0,1.326,1.0,1.669,0.0,,,,5.0,11.915000000000001,9.0,1.386
13411,Benjamin Siegrist,Genoa,Serie_A,2,38,15,3,12,2.98,2.98,-0.020000000000000018,-0.020000000000000018,0,0,0,0,1,0.042,0,25,2.6710000000000003,3,12,0.268,0,25,2.436,3,13,0.5449999999999999,0,29,2.4450000000000003,8,0.44799999999999995,80.0,0.0,-0.01,1.49,1.5,,,,,,,,,2.0,2.98,3.0,12.0,15.0,0.0,80.0,-0.02,,,,,,,,2.0,2.98,3.0,12.0,15.0,80.0,-0.02,1.0,0.628,1.0,1.0,2.352,2.0,,,,51.195
13420,Vladyslav Krapyvtsov,Girona,La_Liga,2,34,18,7,11,5.006,4.2620000000000005,-1.994,-1.738,1,1,0,0,3,1.971,2,19,2.6479999999999997,5,12,0.385,0,22,2.9779999999999998,4,11,1.284,2,29,4.383,5,0.622,61.1,0.0,-0.997,2.503,3.5,1.0,3.133,4.0,7.0,11.0,0.0,63.6,-0.867,1.0,1.873,3.0,4.0,7.0,0.0,57.1,-1.127,1.0,3.133,4.0,7.0,11.0,63.6,-0.867,1.0,1.873,3.0,4.0,7.0,57.1,-1.127,,,,,,,2.0,5.006,7.0,0.184
13497,Tiago Pereira Cardoso,Borussia M.Gladbach,Bundesliga,4,85,24,3,20,7.392,7.392,4.3919999999999995,4.3919999999999995,0,0,0,2,8,1.9759999999999998,0,41,4.42,2,36,0.995,1,56,4.601,3,29,2.7889999999999997,0,66,4.771,19,2.62,83.3,50.0,1.098,1.848,0.75,2.0,3.2940000000000005,2.0,8.0,10.0,1.0,80.0,1.294,2.0,4.098,1.0,12.0,14.0,1.0,85.7,3.098,,,,,,,,4.0,7.392,3.0,20.0,24.0,83.3,4.392,2.0,2.807,0.0,1.0,2.22,1.0,1.0,2.365,2.0,0.573
